Portien,rateconst,Abundance,PeptideCount
1433B_MOUSE,0.297362,36814700000,8
1433E_MOUSE,0.301345,151009000000,18
1433F_MOUSE,0.395838,9990150000,4
1433G_MOUSE,0.373152,40348800000,7
1433T_MOUSE,0.557099,34048700000,10
1433Z_MOUSE,0.315191,190710000000,12
2A5E_MOUSE,0.699308,452491000,1
2AAA_MOUSE,0.367434,47263300000,20
2ABA_MOUSE,0.407918,141848000,2
3BHS1_MOUSE,2.107528,11285800000,2
3BHS3_MOUSE,0.525015,91584100000,8
3BHS4_MOUSE,0.128268,51143900000,6
3BHS5_MOUSE,0.081787,73155100000,16
3BHS7_MOUSE,0.4964,20062500000,7
3HAO_MOUSE,0.274415,759517000000,14
3HIDH_MOUSE,0.133821,324359000000,29
6PGD_MOUSE,0.204022,70075400000,10
6PGL_MOUSE,0.147595,47754400000,10
A16A1_MOUSE,0.346589,28745100000,11
A1AT1_MOUSE,1.423138,160849000000,12
A1AT2_MOUSE,1.026774,51438300000,11
A1AT4_MOUSE,3.058109,25257500000,4
A1AT5_MOUSE,1.723492,71772700000,6
A1CF_MOUSE,0.613226,22358200000,14
A2AP_MOUSE,2.554797,1852520000,2
AAAD_MOUSE,0.363017,347302000000,21
AACS_MOUSE,0.597911,17794400000,7
AADAT_MOUSE,0.121178,100703000000,15
AAKB1_MOUSE,0.155725,93661500,1
AAKG1_MOUSE,3.689535,922480000,3
AAPK1_MOUSE,0.473001,663129000,1
AASS_MOUSE,0.188842,453630000000,48
AATC_MOUSE,0.215463,460595000000,29
AATM_MOUSE,0.119005,2790320000000,41
ABCA6_MOUSE,0.413981,4461640000,8
ABCB7_MOUSE,0.126307,5333430000,6
ABCBA_MOUSE,0.041655,1117750000,3
ABCBB_MOUSE,0.416291,91050200000,25
ABCD1_MOUSE,0.39923,407014000,1
ABCD3_MOUSE,0.406575,481002000000,34
ABCE1_MOUSE,0.390784,31543600000,9
ABCF1_MOUSE,0.425634,1382980000,2
ABCF2_MOUSE,0.727442,1131200000,2
ABCG2_MOUSE,0.00012,4050840000,5
ABHD3_MOUSE,0.273516,1097620000,1
ABHD6_MOUSE,0.400289,3432520000,6
ABHDB_MOUSE,0.005271,17282900000,8
ABHEB_MOUSE,0.191086,367177000000,14
ACACA_MOUSE,0.52864,53798400000,32
ACACB_MOUSE,0.522499,9451520000,10
ACAD8_MOUSE,0.149601,66641900000,15
ACAD9_MOUSE,0.188805,23806900000,9
ACADL_MOUSE,0.156552,553352000000,28
ACADM_MOUSE,0.257071,450792000000,18
ACADS_MOUSE,0.130481,766558000000,31
ACADV_MOUSE,0.378182,601979000000,39
ACATN_MOUSE,0.365007,1165680000,1
ACBD5_MOUSE,0.983053,40181200000,10
ACBP_MOUSE,0.346635,998206000000,15
ACD10_MOUSE,0.146581,16098700000,13
ACD11_MOUSE,0.685823,79945500000,14
ACDSB_MOUSE,0.369413,79003700000,13
ACLY_MOUSE,0.587644,458667000000,39
ACNT1_MOUSE,0.195093,6792430000,3
ACO12_MOUSE,0.502469,12988700000,8
ACO13_MOUSE,0.078314,19609500000,5
ACOC_MOUSE,0.233093,631825000000,46
ACON_MOUSE,0.133164,1151560000000,44
ACOT1_MOUSE,0.166794,51910000000,11
ACOT2_MOUSE,0.286284,3046070000,5
ACOT4_MOUSE,0.24848,4863190000,4
ACOT8_MOUSE,0.377334,782318000,1
ACOX1_MOUSE,1.20251,2280600000000,58
ACOX2_MOUSE,0.535322,159475000000,20
ACOX3_MOUSE,NaN,670299000,1
ACPM_MOUSE,0.079681,1839260000,1
ACS2L_MOUSE,0.004302,907539000,2
ACSA_MOUSE,0.44461,94294400000,15
ACSF2_MOUSE,0.209681,640880000000,36
ACSF3_MOUSE,0.312602,8960630000,7
ACSL1_MOUSE,0.334832,1717260000000,48
ACSL4_MOUSE,5.470195,2099500000,2
ACSL5_MOUSE,0.398432,354841000000,33
ACSM1_MOUSE,0.151613,1275500000000,44
ACSM2_MOUSE,NaN,850438000,1
ACSM3_MOUSE,0.144699,24647900000,10
ACSM5_MOUSE,0.150534,112280000000,24
ACSS3_MOUSE,0.167855,2927870000,5
ACTBL_MOUSE,0.202227,1688940000000,9
ACTB_MOUSE,0.207927,4854080000000,37
ACTC_MOUSE,0.154487,478300000000,8
ACTN1_MOUSE,0.259952,183478000000,37
ACTN4_MOUSE,0.268336,281477000000,40
ACTY_MOUSE,0.178592,9873430000,7
ACTZ_MOUSE,8.282985,5443140000,6
ACY1_MOUSE,0.24493,33661800000,7
ACY3_MOUSE,0.164962,49891400000,10
ADDA_MOUSE,NaN,213786000,1
ADH1_MOUSE,0.196963,7169820000000,30
ADH4_MOUSE,0.255105,18283800000,9
ADHX_MOUSE,0.213363,729704000000,20
ADK_MOUSE,0.321433,462959000000,25
ADPGK_MOUSE,0.498998,4201990000,3
ADPRS_MOUSE,0.150862,168549000,1
ADRO_MOUSE,0.002305,5399410000,5
ADT1_MOUSE,0.175259,514501000000,8
ADT2_MOUSE,0.20498,949757000000,25
ADX_MOUSE,NaN,13823800000,3
AFAD_MOUSE,0.277234,1398580000,4
AFG32_MOUSE,0.129341,6601900000,4
AGK_MOUSE,0.196315,2995750000,1
AGM1_MOUSE,0.256489,3619800000,3
AGRIN_MOUSE,NaN,50698000,1
AGT2_MOUSE,0.125811,201773000000,23
AHSA1_MOUSE,0.45835,9555640000,4
AIFM1_MOUSE,0.148238,409216000000,27
AIMP1_MOUSE,0.01745,3448790000,6
AIMP2_MOUSE,0.106345,18741500000,8
AK1A1_MOUSE,0.246899,556752000000,21
AK1CD_MOUSE,0.245918,377537000000,26
AK1D1_MOUSE,0.263097,209705000000,19
AKC1H_MOUSE,0.193661,364381000000,5
AKCL2_MOUSE,0.225124,83020200000,5
AL1A1_MOUSE,0.281582,6210760000000,59
AL1A7_MOUSE,0.26233,388844000000,21
AL1B1_MOUSE,0.141527,187901000000,30
AL1L1_MOUSE,0.336089,4430410000000,99
AL3A2_MOUSE,0.297777,461429000000,23
AL4A1_MOUSE,0.104148,691843000000,28
AL7A1_MOUSE,0.175359,1304580000000,36
AL8A1_MOUSE,0.250981,829479000000,33
AL9A1_MOUSE,0.220517,452358000000,30
ALAT1_MOUSE,0.434909,327408000000,29
ALAT2_MOUSE,0.805219,62217800000,17
ALBU_MOUSE,0.272381,5025900000000,76
ALDH2_MOUSE,0.486633,6131550000000,50
ALDOA_MOUSE,0.348088,63444600000,10
ALDOB_MOUSE,0.445283,7383190000000,35
ALDOC_MOUSE,0.204704,12834400000,3
ALDR_MOUSE,0.147746,6228580000,3
ALG2_MOUSE,0.335332,952693000,3
ALG5_MOUSE,0.290905,2899690000,2
ALR_MOUSE,0.150521,7908950000,5
AMACR_MOUSE,0.294868,167989000000,17
AMBP_MOUSE,1.453767,2890890000,3
AMPB_MOUSE,0.25287,13146000000,10
AMPE_MOUSE,0.597155,8488970000,7
AMPL_MOUSE,0.293936,1002120000000,46
AMPN_MOUSE,0.894097,29848000000,19
AMRP_MOUSE,0.606981,4900070000,6
AN32A_MOUSE,0.293432,20124500000,5
AN32B_MOUSE,0.329966,7644150000,3
ANFY1_MOUSE,0.173835,1400640000,3
ANK1_MOUSE,0.00034,377569000,2
ANM1_MOUSE,0.146701,664699000,2
ANT3_MOUSE,2.959629,29420900000,9
ANX11_MOUSE,1.352018,4918950000,3
ANXA1_MOUSE,NaN,378413000,1
ANXA2_MOUSE,0.063239,27278200000,16
ANXA3_MOUSE,0.532125,1941750000,2
ANXA4_MOUSE,0.34848,100901000000,12
ANXA5_MOUSE,0.202957,182510000000,21
ANXA6_MOUSE,0.346831,298393000000,28
ANXA7_MOUSE,0.497448,28521500000,6
AOFA_MOUSE,0.208995,9663690000,7
AOFB_MOUSE,0.211135,218667000000,20
AOXA_MOUSE,0.249628,11857500000,13
AOXC_MOUSE,0.452146,857691000000,50
AP1B1_MOUSE,0.118297,107662000000,30
AP1G1_MOUSE,0,5479840000,7
AP1M1_MOUSE,0.260973,5431020000,6
AP1S1_MOUSE,0.304382,2293280000,1
AP2A1_MOUSE,0.187061,18436600000,13
AP2A2_MOUSE,0.147656,77880200000,29
AP2B1_MOUSE,0.196791,46894500000,18
AP2M1_MOUSE,0.238437,39992300000,9
AP3B1_MOUSE,0.257832,4106740000,4
AP3D1_MOUSE,0.439087,1255600000,3
AP3M1_MOUSE,0.478254,232228000,1
AP3S1_MOUSE,0.649628,643988000,1
APEH_MOUSE,0.222,32695000000,13
APEX1_MOUSE,0.206296,13494200000,9
API5_MOUSE,NaN,1277370000,1
APMAP_MOUSE,0.290771,9954950000,4
APOA1_MOUSE,3.387808,88283600000,8
APOB_MOUSE,4.857222,21277500000,18
APOC3_MOUSE,0.894271,607722000,1
APOE_MOUSE,8.82516,118984000000,10
APOH_MOUSE,NaN,757843000,2
APT_MOUSE,0.453054,3286030000,4
AQP1_MOUSE,0.276664,15928600000,2
ARAF_MOUSE,0.470106,600188000,2
ARC1A_MOUSE,0.10778,8343380000,6
ARC1B_MOUSE,0.107191,28435100000,11
ARF1_MOUSE,0.528111,187030000000,9
ARF4_MOUSE,0.621367,14960300000,3
ARF5_MOUSE,1.400474,1568820000,1
ARF6_MOUSE,0.12013,26060300000,7
ARFG1_MOUSE,0.363842,32501100,1
ARFG2_MOUSE,0.707812,6650250000,7
ARGI1_MOUSE,0.229242,4448590000000,39
ARI2_MOUSE,0.318345,356447000,1
ARK72_MOUSE,0.195538,233540000000,12
ARL1_MOUSE,2.060338,1525420000,5
ARL8A_MOUSE,0.125478,1320550000,3
ARL8B_MOUSE,0.311426,4780580000,4
ARLY_MOUSE,0.308545,1687440000000,46
ARMC1_MOUSE,0.174925,2032980000,1
ARP10_MOUSE,1.543046,22979900,1
ARP2_MOUSE,0.137428,93867000000,14
ARP3_MOUSE,0.204287,105843000000,14
ARP5L_MOUSE,0.183032,5541350000,3
ARPC2_MOUSE,0.138363,27631800000,13
ARPC3_MOUSE,0.120943,15658000000,5
ARPC4_MOUSE,0.130007,14695800000,3
ARPC5_MOUSE,0.221731,22149800000,5
ARSB_MOUSE,NaN,219290000,1
ARY2_MOUSE,0.280526,12618800000,8
AS3MT_MOUSE,0.46433,18768600000,8
ASAH1_MOUSE,0.14608,16706200000,7
ASGL1_MOUSE,0.160182,266293000,1
ASGR1_MOUSE,1.473418,36364500000,6
ASPC1_MOUSE,0.730005,1874050000,5
ASPD_MOUSE,0.199564,173525000000,19
ASPH_MOUSE,0.287446,3830970000,2
ASSY_MOUSE,0.28277,6706030000000,47
AT11C_MOUSE,0.134839,62632400000,21
AT131_MOUSE,0.269979,6451830000,7
AT1A1_MOUSE,0.195043,272953000000,35
AT1A4_MOUSE,0.049861,94982500,1
AT1B1_MOUSE,0.19001,56951600000,9
AT1B3_MOUSE,8.749161,4183840000,4
AT2A2_MOUSE,0.433596,84628000000,24
AT2B1_MOUSE,0.40391,566469000,2
AT2L1_MOUSE,2.143515,18419500000,7
AT5F1_MOUSE,0.137814,199716000000,19
ATAD1_MOUSE,0.40537,2381800000,3
ATAD3_MOUSE,0.098235,31462000000,11
ATG3_MOUSE,0.342485,1245750000,1
ATG4B_MOUSE,0.002681,35118400,1
ATG5_MOUSE,NaN,245488000,1
ATG7_MOUSE,0.465683,7056960000,6
ATLA2_MOUSE,0.555755,7293890000,7
ATLA3_MOUSE,0.274729,27859900000,13
ATOX1_MOUSE,0.496271,23133700000,3
ATP5E_MOUSE,0.06372,26639200000,1
ATP5H_MOUSE,0.138537,649859000000,22
ATP5I_MOUSE,0.1196,170107000000,5
ATP5J_MOUSE,0.182371,2226990000,2
ATP5L_MOUSE,0.113807,429547000000,7
ATP8_MOUSE,NaN,555428000,1
ATPA_MOUSE,0.153322,4897280000000,37
ATPB_MOUSE,0.134472,6716270000000,66
ATPD_MOUSE,0.135125,45374600000,2
ATPG_MOUSE,0.106974,352972000000,12
ATPK_MOUSE,0.118408,186065000000,2
ATPMK_MOUSE,0.21099,148971000000,5
ATPO_MOUSE,0.115541,951217000000,19
ATTY_MOUSE,0.371204,707094000,1
ATX10_MOUSE,0.154163,4482320000,1
ATX2L_MOUSE,0.017597,176470000,1
ATX2_MOUSE,0.555422,524010000,2
AUHM_MOUSE,0.099478,13726700000,4
B2L13_MOUSE,0.006319,2830960000,4
B3AT_MOUSE,0.000132,10505400000,8
B4GT1_MOUSE,0.347352,164870000,1
BAAT_MOUSE,0.520743,170433000000,15
BABA1_MOUSE,0.104013,468802000,2
BABA2_MOUSE,0.404593,831287000,1
BACH_MOUSE,0.119371,2840750000,4
BAG3_MOUSE,0.71035,2518740000,4
BAG6_MOUSE,0.157593,1130350000,1
BAP31_MOUSE,0.307881,54763600000,10
BASI_MOUSE,0.43071,44206800000,7
BAX_MOUSE,3.430414,154258000,1
BCAP_MOUSE,0.661313,436494000,1
BCS1_MOUSE,0.151584,607512000,2
BDH2_MOUSE,0.116916,971980000,1
BDH_MOUSE,0.158285,603234000000,21
BGAL_MOUSE,0.130968,2182590000,3
BGLR_MOUSE,0.128958,23627700000,12
BHMT1_MOUSE,0.248898,8430310000000,40
BIEA_MOUSE,0.265792,6754430000,2
BIP_MOUSE,0.443518,2892490000000,57
BLMH_MOUSE,0.200787,5682040000,6
BLVRB_MOUSE,0.187153,256537000000,13
BODG_MOUSE,1.029301,34864900000,8
BOLA1_MOUSE,0.513931,2578660000,4
BPHL_MOUSE,0.166486,277820000000,15
BPNT1_MOUSE,0.306155,112158000000,13
BRCC3_MOUSE,0.829948,1038040000,2
BRI3B_MOUSE,0.303285,1440640000,2
BT3L4_MOUSE,0.237532,19188800000,4
BTF3_MOUSE,0.401399,5180740000,4
BUB3_MOUSE,NaN,1008820000,1
BUP1_MOUSE,0.443457,42754500000,12
BZW1_MOUSE,0.422574,882343000,3
C1QBP_MOUSE,0.11801,24965200000,4
C1TC_MOUSE,0.196663,599126000000,44
C2CD2_MOUSE,0.474611,2059540000,2
C4BPA_MOUSE,0.601387,717258000,1
C560_MOUSE,0.14219,47070200000,9
CA050_MOUSE,0.186596,152988000,1
CADH2_MOUSE,0.31523,5360200000,4
CAF17_MOUSE,0.118906,2177890000,2
CAH14_MOUSE,0.482611,3537270000,2
CAH1_MOUSE,0.005642,7454060000,7
CAH2_MOUSE,0.018899,51101400000,11
CAH3_MOUSE,0.211402,11750800000000,40
CAH5A_MOUSE,0.228581,21185900000,6
CAH8_MOUSE,1.208097,2783240000,3
CALB1_MOUSE,0.024088,112243000,1
CALM1_MOUSE,0.216409,17655900000,5
CALR_MOUSE,0.385608,730444000000,26
CALU_MOUSE,0.498647,1901390000,2
CALX_MOUSE,0.67197,206837000000,20
CAN1_MOUSE,0.284788,2586060000,2
CAN2_MOUSE,0.281219,2310080000,5
CAND1_MOUSE,0.297386,71306100000,28
CAP1_MOUSE,0.326036,69862300000,15
CAPR1_MOUSE,0.57282,21949000000,6
CAPZB_MOUSE,0.278615,49631400000,11
CASP6_MOUSE,0.326811,315142000,1
CASP8_MOUSE,0.567181,427158000,2
CATA_MOUSE,1.113534,4204950000000,53
CATB_MOUSE,0.349356,209194000000,16
CATC_MOUSE,0.364722,18819700000,5
CATD_MOUSE,0.246533,144356000000,14
CATF_MOUSE,0.041952,2017580000,4
CATH_MOUSE,0.325837,67189300000,4
CATL1_MOUSE,2.126298,2976880000,3
CATS_MOUSE,0.279203,540124000,1
CATZ_MOUSE,0.294498,56596100000,12
CAZA1_MOUSE,0.148068,3700000000,3
CAZA2_MOUSE,0.22258,43933400000,11
CB072_MOUSE,0.456062,1797840000,1
CBPQ_MOUSE,0.146658,22198400000,6
CBR1_MOUSE,0.193093,214665000000,17
CBR3_MOUSE,NaN,1457520000,1
CBR4_MOUSE,0.141042,58831100000,12
CBS_MOUSE,0.562009,217771000000,22
CBX3_MOUSE,1.034303,2333980000,1
CC50A_MOUSE,0.269302,9316300000,4
CCD22_MOUSE,0.190935,315125000,2
CCD25_MOUSE,0.173113,477201000,1
CCD47_MOUSE,0.342222,10854900000,10
CCD93_MOUSE,0.191919,230003000,1
CCS_MOUSE,1.616047,1476490000,2
CD166_MOUSE,0.320946,3997900000,3
CD302_MOUSE,8.69971,1331570000,1
CD38_MOUSE,0.063865,1926780000,1
CD47_MOUSE,0.135877,3363170000,1
CD81_MOUSE,0.344594,5297250000,3
CD82_MOUSE,NaN,1041100000,1
CDC37_MOUSE,0.71527,1559880000,2
CDC42_MOUSE,1.237838,15387600000,4
CDC73_MOUSE,NaN,58040000,1
CDIPT_MOUSE,0.203684,2829090000,4
CDS2_MOUSE,0.595577,2337240000,2
CDV3_MOUSE,0.60308,251863000,1
CEAM1_MOUSE,0.385577,10351200000,3
CELF1_MOUSE,0.2007,4841440000,3
CENPV_MOUSE,0.049362,32749700000,8
CEPT1_MOUSE,0.335168,1097160000,2
CERS2_MOUSE,0.875839,22784000000,5
CERU_MOUSE,1.676165,10381500000,7
CFAH_MOUSE,3.379447,955462000,3
CGL_MOUSE,0.24799,727434000000,27
CH082_MOUSE,0.118606,1761010000,1
CH10_MOUSE,0.213291,410502000000,4
CH60_MOUSE,0.143825,2308220000000,61
CHCH2_MOUSE,NaN,1344660000,1
CHDH_MOUSE,0.143065,234198000000,32
CHIL3_MOUSE,0.049696,286986000,1
CHLE_MOUSE,8.037819,1035130000,1
CHM4B_MOUSE,1.311424,1737910000,1
CHMP6_MOUSE,9.767239,158586000,1
CHRD1_MOUSE,0.387851,3375620000,4
CING_MOUSE,0.325347,2804900000,5
CISD1_MOUSE,0.197299,118050000000,6
CISD2_MOUSE,0.221758,7289140000,4
CISD3_MOUSE,0.120263,1010280000,1
CISY_MOUSE,0.083494,167983000000,15
CK054_MOUSE,0.277846,284664000000,22
CK5P3_MOUSE,0.401056,1094030000,2
CLC4F_MOUSE,2.095293,3995350000,3
CLCB_MOUSE,0.559453,3125020000,1
CLH1_MOUSE,0.178653,786604000000,98
CLIC1_MOUSE,0.133834,3228400000,4
CLIC4_MOUSE,0.254113,28012800000,11
CLPP_MOUSE,0.261478,15438700000,3
CLPT1_MOUSE,0.791773,1022860000,2
CLPX_MOUSE,1.632422,15198700000,10
CLU_MOUSE,0.776516,33038100000,18
CLYBL_MOUSE,0.126307,42176400000,10
CMAH_MOUSE,NaN,224940000,1
CMBL_MOUSE,0.25834,68236100000,14
CMC1_MOUSE,0.181463,150998000000,18
CMC2_MOUSE,0.14984,695898000000,44
CMLO1_MOUSE,0.584703,5080250000,1
CMTD1_MOUSE,0.232644,2893800000,2
CNBP_MOUSE,0.940238,3252250000,1
CNDP2_MOUSE,0.283738,52149000000,16
CNN3_MOUSE,0.735002,3130400000,2
CNPY2_MOUSE,0.361831,21293900000,7
CO1A1_MOUSE,0.02399,8122670000,4
CO3_MOUSE,5.496514,147735000000,30
CO4A1_MOUSE,0.085047,5123720000,4
CO4A2_MOUSE,0.028497,3596830000,5
CO4B_MOUSE,1.630116,10845300000,12
CO5_MOUSE,0.949837,297527000,2
CO6A1_MOUSE,0.005699,31664200000,10
CO6A2_MOUSE,0.000486,11517200000,11
CO8B_MOUSE,1.714029,1063160000,2
CO8G_MOUSE,4.363684,7526030000,4
CO9_MOUSE,8.118717,68013100,1
COA7_MOUSE,0.267836,138495000,1
COASY_MOUSE,0.327189,98621800000,17
COBL1_MOUSE,0.157232,3849130000,8
COEA1_MOUSE,0.166068,1432870000,5
COF1_MOUSE,0.409347,191785000000,14
COF2_MOUSE,0.236248,10889600000,5
COIA1_MOUSE,1.530728,2667720000,2
COMT_MOUSE,0.52212,421716000000,26
COPA_MOUSE,0.459541,117878000000,36
COPB2_MOUSE,0.360312,58391800000,21
COPB_MOUSE,0.436463,68865100000,19
COPD_MOUSE,0.722007,15663000000,7
COPE_MOUSE,0.403347,13285100000,6
COPG1_MOUSE,0.388392,63164700000,33
COPG2_MOUSE,0.350162,1975060000,4
COPT1_MOUSE,0.90419,4386400000,2
COPZ1_MOUSE,1.155769,3800030000,3
COQ6_MOUSE,0.122892,8190320000,7
COQ7_MOUSE,0.229562,7562700000,3
COQ8A_MOUSE,0.648831,64317200000,13
COQ9_MOUSE,0.239878,19498600000,4
COR1A_MOUSE,0.529078,2199340000,4
COR1B_MOUSE,0.159706,18044800000,5
COR1C_MOUSE,0.216654,10078300000,5
CORO7_MOUSE,0.10441,5506650000,5
COTL1_MOUSE,0.129669,2108370000,1
COX15_MOUSE,0.594821,1887270000,3
COX1_MOUSE,0.088761,79220900000,6
COX20_MOUSE,0.105132,271546000,1
COX2_MOUSE,0.074373,591434000000,15
COX3_MOUSE,0.118156,241783000,1
COX41_MOUSE,0.149749,541407000000,17
COX5A_MOUSE,0.215733,45423500000,6
COX5B_MOUSE,0.123771,17230000000,6
COX6C_MOUSE,0.160492,101067000000,9
COX7R_MOUSE,1.059165,1057260000,1
CP17A_MOUSE,0.117394,68557600,1
CP1A2_MOUSE,1.075382,280703000000,32
CP20A_MOUSE,0.088246,125732000,1
CP237_MOUSE,1.072538,350388000000,26
CP240_MOUSE,1.193873,114006000000,13
CP254_MOUSE,0.58591,127591000000,14
CP255_MOUSE,0.075576,2499900000,2
CP270_MOUSE,3.799909,62538200000,20
CP27A_MOUSE,0.435863,253098000000,17
CP2A4_MOUSE,1.152678,79818800000,10
CP2A5_MOUSE,1.510022,72231600000,16
CP2AC_MOUSE,0.635214,396199000000,33
CP2CN_MOUSE,1.506027,119993000000,14
CP2CT_MOUSE,0.989948,740686000000,27
CP2D9_MOUSE,0.966816,475030000000,28
CP2DA_MOUSE,0.712737,626301000000,27
CP2DB_MOUSE,0.592936,15815400000,3
CP2DQ_MOUSE,0.928048,377397000000,23
CP2E1_MOUSE,1.581623,546559000000,20
CP2F2_MOUSE,0.93096,720294000000,32
CP2J5_MOUSE,1.352669,41119300000,15
CP341_MOUSE,3.263182,118903000000,13
CP3AB_MOUSE,1.386545,559040000000,26
CP3AD_MOUSE,0.736478,31226200000,14
CP3AP_MOUSE,1.017128,2158450000,3
CP4AA_MOUSE,0.967912,8419790000,6
CP4AE_MOUSE,0.688611,48227100000,8
CP4B1_MOUSE,0.152301,4525760000,6
CP4CA_MOUSE,0.762655,118706000000,25
CP4CB_MOUSE,NaN,1483050000,3
CP4F3_MOUSE,0.193554,1428900000,4
CP4FE_MOUSE,0.57774,10913600000,7
CP4V2_MOUSE,0.969167,29102500000,6
CP51A_MOUSE,1.200684,33868200000,13
CP7A1_MOUSE,1.544081,1077520000,2
CP7B1_MOUSE,0.94292,88371100000,18
CP8B1_MOUSE,1.327001,19246900000,8
CPNE1_MOUSE,0.643002,3494080000,3
CPNE3_MOUSE,0.330478,17893800000,7
CPNS1_MOUSE,0.330575,8505590000,6
CPPED_MOUSE,0.531257,5483480000,5
CPSF6_MOUSE,0.262421,292673000,1
CPSM_MOUSE,0.135427,47792800000000,228
CPT1A_MOUSE,0.422677,90846700000,17
CPT2_MOUSE,0.234942,189998000000,28
CR1L_MOUSE,0.262088,141461000,1
CRADD_MOUSE,NaN,21255200,1
CREG1_MOUSE,2.073551,29298500000,3
CREL2_MOUSE,0.353949,3818380000,3
CRIP2_MOUSE,0.26198,29501300000,4
CRKL_MOUSE,0.287141,1021800000,3
CRK_MOUSE,0.356162,4650120000,2
CRYL1_MOUSE,0.108518,10499600000,8
CSAD_MOUSE,0.279778,1087640000000,26
CSDE1_MOUSE,0.371272,3460150000,3
CSK21_MOUSE,1.4146,6337010000,4
CSK2B_MOUSE,0.151084,295365000,1
CSN2_MOUSE,0.307877,4200210000,4
CSN3_MOUSE,0.181555,3831020000,4
CSN4_MOUSE,0.298108,6596750000,7
CSN5_MOUSE,2.120999,662609000,1
CSN6_MOUSE,0.228769,6214320000,5
CSN8_MOUSE,0.258799,3029480000,2
CSRP1_MOUSE,0.001273,80243700,1
CSRP3_MOUSE,0.390088,4438360000,3
CTL1_MOUSE,0.383145,165564000,1
CTNA1_MOUSE,0.605308,39970200000,25
CTNB1_MOUSE,0.445895,26769400000,15
CTND1_MOUSE,0.702178,16946000000,15
CUL1_MOUSE,0.379601,97484400,1
CUL2_MOUSE,0.340321,1285640000,4
CUL3_MOUSE,0.433862,1341950000,2
CUL4A_MOUSE,0.91022,1337070000,4
CUTC_MOUSE,0.179071,1223220000,4
CX6B1_MOUSE,0.215655,223062000000,6
CX7A2_MOUSE,0.199399,9517860000,3
CXB1_MOUSE,1.162349,6438680000,5
CY1_MOUSE,0.112568,311714000000,13
CY250_MOUSE,0.825699,55405000000,7
CYB5B_MOUSE,0.263586,183726000000,7
CYB5_MOUSE,0.445547,776259000000,9
CYBC1_MOUSE,0.324743,195056000,1
CYBP_MOUSE,0.664613,10812700000,5
CYC_MOUSE,0.168714,221744000000,11
CYFP2_MOUSE,NaN,419699000,1
CYTB_MOUSE,0.251698,33058000000,4
D19L1_MOUSE,NaN,42393200,1
D39U1_MOUSE,0.131421,425254000,3
DAD1_MOUSE,0.180903,6012440000,1
DAZP1_MOUSE,0.265977,7548090000,4
DBNL_MOUSE,0.392349,4696690000,5
DC1I2_MOUSE,0.360159,2456760000,4
DCA11_MOUSE,2.835744,284852000,1
DCMC_MOUSE,0.15505,32925200000,15
DCNL1_MOUSE,0.573439,1473310000,1
DCPS_MOUSE,0.418375,2856270000,3
DCTN1_MOUSE,NaN,1037250000,2
DCTN2_MOUSE,1.221417,941515000,3
DCUP_MOUSE,0.667136,18486900000,7
DCXR_MOUSE,0.144784,76871900000,7
DD19A_MOUSE,0.183183,652067000,1
DDAH1_MOUSE,0.174732,68722200000,15
DDB1_MOUSE,0.671585,15766500000,13
DDC_MOUSE,0.192093,69607800000,16
DDI2_MOUSE,0.4323,21896400000,10
DDRGK_MOUSE,0.371923,1887780000,3
DDX17_MOUSE,1.327065,26181100000,8
DDX1_MOUSE,0.30669,37327900000,20
DDX21_MOUSE,0.511108,650217000,2
DDX3X_MOUSE,1.502109,38183700000,11
DDX3Y_MOUSE,0.538607,3170960000,3
DDX46_MOUSE,0.301772,312689000,1
DDX58_MOUSE,0.35676,705198000,3
DDX5_MOUSE,2.078541,5968960000,4
DDX6_MOUSE,0.311252,1453860000,3
DECR2_MOUSE,0.502662,130026000000,11
DECR_MOUSE,0.138674,583196000000,21
DEK_MOUSE,0.45499,370819000,1
DENR_MOUSE,0.059331,2574690000,4
DEOC_MOUSE,0.30597,24849900000,8
DERL2_MOUSE,0.215741,2125010000,1
DESM_MOUSE,0.079387,14884900000,9
DESP_MOUSE,0.077067,4742030000,5
DEST_MOUSE,0.49814,68325200000,9
DGAT1_MOUSE,0.032929,3527250000,4
DGUOK_MOUSE,1.17326,2098340000,3
DHB11_MOUSE,0.645441,35440400000,8
DHB12_MOUSE,0.361147,180588000000,20
DHB13_MOUSE,0.54966,211805000000,17
DHB2_MOUSE,0.430168,81672600000,13
DHB4_MOUSE,0.637895,963485000000,38
DHB5_MOUSE,0.265622,1769880000000,34
DHB7_MOUSE,0.508033,16911500000,7
DHB8_MOUSE,0.113144,81762000000,12
DHC24_MOUSE,0.887583,13186800000,6
DHCR7_MOUSE,0.102378,18278500000,4
DHDH_MOUSE,0.202797,147368000000,17
DHE3_MOUSE,0.140936,5155550000000,58
DHI1_MOUSE,0.279938,444318000000,15
DHPR_MOUSE,0.22244,627883000000,21
DHR11_MOUSE,0.2942,4996830000,4
DHRS1_MOUSE,0.382446,121758000000,19
DHRS4_MOUSE,0.280766,141080000000,11
DHRS7_MOUSE,0.494005,431048000,1
DHSO_MOUSE,0.256576,2809090000000,37
DHTK1_MOUSE,0.252823,5553040000,11
DHX15_MOUSE,1.521571,6711300000,4
DHX29_MOUSE,0.269035,259994000,2
DHX9_MOUSE,0.461172,27690900000,19
DIC_MOUSE,0.289233,200347000000,14
DJB11_MOUSE,0.300716,25369600000,7
DJB12_MOUSE,0.401437,265808000,1
DJC11_MOUSE,0.190581,8635820000,6
DKC1_MOUSE,0.10086,10310600000,8
DLDH_MOUSE,0.13117,338101000000,18
DLG1_MOUSE,0.178663,1901370000,6
DNJA1_MOUSE,1.467265,24374900000,9
DNJA2_MOUSE,0.435553,1372750000,2
DNJA3_MOUSE,NaN,2973080000,2
DNJB4_MOUSE,1.696056,819483000,2
DNJC3_MOUSE,1.053831,11901500000,8
DNM1L_MOUSE,0.265095,10655400000,18
DNPEP_MOUSE,0.284835,82070600000,16
DOPD_MOUSE,0.221871,1568210000000,14
DPM1_MOUSE,0.93361,651055000,1
DPP2_MOUSE,0.100256,16388800000,12
DPP3_MOUSE,0.307912,27857100000,14
DPP4_MOUSE,0.114525,131341000000,21
DPP9_MOUSE,0.757228,323088000,1
DPTOR_MOUSE,1.0363,1648700000,1
DPYD_MOUSE,0.740037,158781000000,33
DPYL2_MOUSE,0.065594,18365900000,10
DPYL3_MOUSE,NaN,64323900,1
DPYS_MOUSE,0.326768,244694000000,21
DRG1_MOUSE,0.380262,1238560000,4
DRS7B_MOUSE,0.60192,2771420000,3
DSG2_MOUSE,5.231258,873969000,4
DTD2_MOUSE,0.276254,899644000,2
DTX3L_MOUSE,0.56681,1117230000,3
DUS3_MOUSE,0.442503,8825070000,5
DX39A_MOUSE,0.123553,15550200000,6
DX39B_MOUSE,0.013651,25646200000,10
DYHC1_MOUSE,0.434264,25452200000,32
DYL1_MOUSE,0.280781,3263330000,2
DYL2_MOUSE,0.20889,9946870000,3
DYN2_MOUSE,0.121904,9967880000,6
DYR_MOUSE,0.282547,41221400000,5
E2AK2_MOUSE,NaN,373975000,1
E41L2_MOUSE,0.281944,574247000,2
E41L5_MOUSE,0.718727,1133390000,1
EBP_MOUSE,0.382927,37003900000,2
ECH1_MOUSE,0.621428,100095000000,17
ECHA_MOUSE,0.179667,1982320000000,61
ECHB_MOUSE,0.143178,862848000000,38
ECHD1_MOUSE,0,31355600000,11
ECHD2_MOUSE,0.140914,128329000000,10
ECHD3_MOUSE,0.159882,65619100000,13
ECHM_MOUSE,0.137113,475628000000,14
ECHP_MOUSE,0.358297,940115000000,43
ECI1_MOUSE,0.148652,460560000000,16
ECI2_MOUSE,0.314903,99604700000,12
ECI3_MOUSE,NaN,535481000,2
ECM29_MOUSE,0.603412,1461760000,6
ECSIT_MOUSE,0.17842,382811000,2
EDF1_MOUSE,3.746242,4973590000,2
EEA1_MOUSE,0.199046,6711570000,13
EF1A1_MOUSE,0.186319,4573330000000,40
EF1B_MOUSE,0.180976,114181000000,9
EF1D_MOUSE,0.139348,151158000000,10
EF1G_MOUSE,0.104508,355503000000,26
EF2_MOUSE,0.444887,1208510000000,57
EFGM_MOUSE,1.069717,2557000000,2
EFL1_MOUSE,0.460798,422499000,2
EFTS_MOUSE,0.271155,7664850000,4
EFTU_MOUSE,0.176961,280896000000,32
EGFR_MOUSE,1.517195,49004800000,15
EHD1_MOUSE,0.242374,30025500000,13
EHD3_MOUSE,0.406987,20197400000,7
EI2BB_MOUSE,0.357861,872072000,1
EI2BD_MOUSE,0.782023,2486120000,5
EI3JA_MOUSE,0.529502,13979900000,6
EIF1B_MOUSE,8.597919,2368770000,3
EIF2A_MOUSE,0.369959,13550200000,8
EIF3A_MOUSE,0.418823,45850000000,21
EIF3B_MOUSE,0.359657,20665700000,13
EIF3C_MOUSE,0.46148,22329400000,12
EIF3D_MOUSE,0.215147,32798700000,12
EIF3E_MOUSE,0.356591,14106700000,9
EIF3F_MOUSE,0.232889,29342600000,8
EIF3G_MOUSE,0.434646,406739000,1
EIF3H_MOUSE,0.306007,7306320000,5
EIF3I_MOUSE,0.337926,17859600000,5
EIF3K_MOUSE,0.147516,1373670000,2
EIF3L_MOUSE,0.422549,21116000000,11
EIF3M_MOUSE,0.280044,15858400000,8
EKI2_MOUSE,1.024877,85842800,1
ELAV1_MOUSE,0.698058,22221200000,7
ELOB_MOUSE,NaN,622586000,1
ELOC_MOUSE,0.628254,11073700000,3
ELOV2_MOUSE,1.494195,11909600000,2
ELP1_MOUSE,0.103701,133847000,1
EMAL2_MOUSE,0.146438,919322000,1
EMC1_MOUSE,0.234347,12669400000,9
EMC2_MOUSE,0.0522,7358870000,3
EMC3_MOUSE,0.26952,2309030000,3
EMC4_MOUSE,NaN,1258460000,1
EMC8_MOUSE,0.164612,96200300,1
ENOA_MOUSE,0.2195,2343350000000,41
ENOB_MOUSE,0.179941,206303000000,2
ENOG_MOUSE,0.159781,453011000,1
ENPL_MOUSE,0.382245,1611360000000,61
ENPP1_MOUSE,0.189068,2109500000,3
ENTP5_MOUSE,0.751065,56019100000,10
EPB41_MOUSE,0.294853,2550480000,4
EPB42_MOUSE,NaN,79622300,1
EPIPL_MOUSE,0.656886,24761500000,18
EPN1_MOUSE,0.116939,636750000,1
EPN4_MOUSE,0.879629,4645630000,4
EPT1_MOUSE,0,2066800000,1
ERAP1_MOUSE,0.542901,42052400000,15
ERF1_MOUSE,0.385728,1535070000,2
ERF3A_MOUSE,0.288987,7417590000,8
ERF3B_MOUSE,0.229615,4438690000,2
ERG24_MOUSE,0.365077,18772300000,5
ERG28_MOUSE,NaN,260870000,1
ERGI1_MOUSE,0.342912,6863590000,4
ERH_MOUSE,0.348413,319718000,1
ERLN1_MOUSE,0.353367,887201000,2
ERLN2_MOUSE,0.458375,7402260000,7
ERMP1_MOUSE,0.267791,1175490000,1
ERO1A_MOUSE,0.258071,13664400000,4
ERO1B_MOUSE,1.977575,716254000,2
ERP29_MOUSE,0.356026,25896200000,7
ERP44_MOUSE,0.378237,59111000000,10
ES8L2_MOUSE,0.520032,7428300000,7
EST1C_MOUSE,0.96646,538481000000,11
EST1D_MOUSE,0.36026,1796760000000,43
EST1E_MOUSE,0.721868,251394000000,16
EST1F_MOUSE,0.295821,903623000000,43
EST1_MOUSE,0.254203,244167000000,20
EST2A_MOUSE,0.327749,852544000000,34
EST2C_MOUSE,0.223741,209530000000,19
EST2E_MOUSE,0.343063,190116000000,15
EST3A_MOUSE,0.412952,1998200000000,29
EST3B_MOUSE,0.311563,370147000000,15
ESTD_MOUSE,0.192053,480818000000,25
ESYT1_MOUSE,0.165274,1833480000,4
ETFA_MOUSE,0.161563,1798460000000,25
ETFB_MOUSE,0.160455,1361700000000,21
ETFD_MOUSE,0.125842,445517000000,22
ETHE1_MOUSE,0.167535,94284000000,15
EWS_MOUSE,0.319519,1276110000,2
EZRI_MOUSE,0.108936,31596400000,7
F10A1_MOUSE,0.860451,29022900000,5
F1142_MOUSE,0.127332,207858000,1
F120A_MOUSE,0.406791,9326250000,14
F162A_MOUSE,0.202092,8731860000,5
F16P1_MOUSE,0.346011,3046680000000,45
F261_MOUSE,0.489606,15682000000,9
FA98A_MOUSE,0.428792,2887350000,4
FAAA_MOUSE,0.199023,1735140000000,37
FAAH1_MOUSE,0.390703,97107900000,21
FABD_MOUSE,0.364421,1833930000,3
FABP4_MOUSE,0.443578,11716900000,2
FABP5_MOUSE,0.253704,59711700000,15
FABPI_MOUSE,NaN,7316580000,1
FABPL_MOUSE,0.240123,19202500000000,27
FACE1_MOUSE,0.325774,8554770000,4
FAD1_MOUSE,0.39613,8822990000,9
FADS1_MOUSE,1.35851,5038380000,2
FADS2_MOUSE,5.054274,9537340000,8
FAF2_MOUSE,0.543617,6920110000,6
FAHD1_MOUSE,0.1714,43763800000,7
FAHD2_MOUSE,0.135732,44622800000,11
FAKD4_MOUSE,2.548334,157930000,1
FARP2_MOUSE,0.141585,4761540000,2
FAS_MOUSE,0.492321,2138900000000,124
FBLL1_MOUSE,0.079695,2608050000,4
FBRL_MOUSE,0.230111,34657400000,12
FBX3_MOUSE,0.305644,354614000,2
FCGR2_MOUSE,0.58625,1444040000,2
FCGRN_MOUSE,NaN,539621000,1
FCL_MOUSE,0.230892,11155900000,5
FCSK_MOUSE,0.330641,97525700,1
FDFT_MOUSE,5.409367,937989000,1
FERM2_MOUSE,0.269868,25412200000,17
FETUA_MOUSE,4.737952,8534210000,5
FGGY_MOUSE,0.291233,33412900000,11
FIBA_MOUSE,1.093162,82145100000,12
FIBB_MOUSE,1.770238,101235000000,20
FIBG_MOUSE,1.327326,89135700000,15
FINC_MOUSE,0.980268,103259000000,44
FITM2_MOUSE,0.287568,2038880000,3
FKB11_MOUSE,0.301465,712011000,1
FKB1A_MOUSE,0.433622,29961300000,3
FKBP2_MOUSE,0.427045,26935600000,8
FKBP3_MOUSE,0.438732,15941900000,9
FKBP4_MOUSE,0.536221,27898200000,13
FKBP8_MOUSE,0.759669,12147700000,5
FLII_MOUSE,0.495204,377193000,2
FLNA_MOUSE,0.172207,18585400000,26
FLNB_MOUSE,0.126773,98001100000,51
FLOT1_MOUSE,0.124446,263259000,2
FMO1_MOUSE,0.309932,292669000000,22
FMO2_MOUSE,0.090494,149419000,1
FMO5_MOUSE,0.51013,797894000000,26
FPPS_MOUSE,0.776096,143206000000,13
FRDA_MOUSE,0.138548,1618300000,1
FRIH_MOUSE,0.595261,3172980000,6
FRIL1_MOUSE,0.708712,446316000000,14
FSCN1_MOUSE,NaN,22012000,1
FTCD_MOUSE,0.30683,671392000000,42
FUBP1_MOUSE,0.492436,639182000,2
FUBP2_MOUSE,0.367546,7678320000,9
FUCM_MOUSE,0.155442,399834000,1
FUMH_MOUSE,0.168311,574415000000,37
FUS_MOUSE,0.503724,1690940000,1
FXR2_MOUSE,NaN,108499000,1
G3BP1_MOUSE,0.226368,13855500000,7
G3BP2_MOUSE,0.402427,906831000,1
G3P_MOUSE,0.228477,6562310000000,45
G6PC1_MOUSE,0.615292,7889020000,6
G6PE_MOUSE,0.452034,76958500000,20
G6PI_MOUSE,0.177689,290461000000,26
GABT_MOUSE,0.210742,471169000000,36
GAL3A_MOUSE,0.157797,182008000000,15
GALE_MOUSE,0.131737,9648420000,7
GALK1_MOUSE,0.268785,53473300000,11
GALK2_MOUSE,0.702556,626377000,1
GALM_MOUSE,0.246464,153794000000,13
GALNS_MOUSE,0.064714,877289000,1
GALT_MOUSE,0.193977,5999380000,5
GAMT_MOUSE,0.702762,51744700000,11
GANAB_MOUSE,0.285353,175470000000,38
GARS_MOUSE,0.818842,36295000000,9
GBB1_MOUSE,0.343508,14302500000,8
GBB2_MOUSE,0.122184,21204900000,12
GBG12_MOUSE,1.225473,2967540000,2
GCAB_MOUSE,0.004997,375672000,1
GCDH_MOUSE,0.273448,516635000000,25
GCH1_MOUSE,0.954214,627927000,1
GCKR_MOUSE,0.241167,83162600000,19
GCN1_MOUSE,0.703247,10806200000,19
GCP60_MOUSE,0.453992,917885000,3
GCR_MOUSE,1.48557,107076000,1
GCSH_MOUSE,0.162131,20634000000,3
GCSP_MOUSE,0.269001,81938800000,28
GCST_MOUSE,0.234715,27332300000,9
GDIA_MOUSE,0.388162,83428800000,18
GDIB_MOUSE,0.411603,355462000000,36
GDIR1_MOUSE,0.226041,103297000000,13
GDIR2_MOUSE,0.820925,4256200000,4
GELS_MOUSE,0.433231,2424450000,4
GEPH_MOUSE,0.400948,40164300000,9
GFPT1_MOUSE,1.18949,79417800,1
GFRP_MOUSE,0.171744,66029700000,9
GGACT_MOUSE,0.479605,2353990000,1
GGCT_MOUSE,1.045521,845798000,1
GGLO_MOUSE,0.434807,236351000000,23
GGT5_MOUSE,0.190727,615683000,2
GHC1_MOUSE,0.329917,54784900000,9
GIMA4_MOUSE,0.136962,10654300000,7
GLCM_MOUSE,0.12841,6899410000,6
GLCNE_MOUSE,1.010094,32625600000,16
GLCTK_MOUSE,0.139492,54909100000,9
GLGB_MOUSE,0.161065,248160000000,35
GLNA_MOUSE,0.330019,722154000000,23
GLO2_MOUSE,0.390728,167859000000,12
GLOD4_MOUSE,0.247526,44141500000,11
GLPK_MOUSE,0.256408,108967000000,18
GLRX1_MOUSE,0.262356,36345500000,4
GLRX3_MOUSE,0.304968,10182100000,5
GLRX5_MOUSE,0.139465,18558900000,3
GLSL_MOUSE,0.445003,109911000000,26
GLTD2_MOUSE,1.170287,949539000,4
GLU2B_MOUSE,0.262589,50671100000,9
GLUCM_MOUSE,0.11876,12268400000,8
GLYAL_MOUSE,0.134555,237586000000,26
GLYAT_MOUSE,0.149582,437816000000,27
GLYC_MOUSE,0.260825,357324000000,27
GLYG_MOUSE,0.123384,2745390000,2
GLYM_MOUSE,0.402076,229815000000,22
GMFB_MOUSE,0.231051,44240000,1
GMPPA_MOUSE,0.255235,12575100000,6
GMPPB_MOUSE,0.232513,5247770000,6
GMPR2_MOUSE,NaN,9516640000,1
GNA11_MOUSE,0.523726,2624500000,3
GNA13_MOUSE,0.583149,3198490000,2
GNA1_MOUSE,0.138083,46390700000,10
GNAI2_MOUSE,0.407769,10696200000,7
GNAI3_MOUSE,2.518599,5224910000,4
GNAS1_MOUSE,0.471518,1699460000,2
GNL1_MOUSE,0.187978,394429000,2
GNMT_MOUSE,0.250428,2921950000000,20
GNPI1_MOUSE,0.114948,2640440000,3
GNTK_MOUSE,0.112768,1589050000,4
GORS2_MOUSE,0.288037,10261700000,4
GPAT1_MOUSE,0.732272,13787800000,10
GPD1L_MOUSE,0.260774,33813800000,5
GPDA_MOUSE,0.265614,873427000000,29
GPDM_MOUSE,0.179133,55929400000,13
GPX1_MOUSE,0.212138,631319000000,14
GPX3_MOUSE,0.343731,310396000,1
GPX4_MOUSE,1.108691,21325400000,3
GRHPR_MOUSE,0.236479,349137000000,20
GRN_MOUSE,0.171614,2729840000,3
GRP75_MOUSE,0.37445,1125460000000,46
GRPE1_MOUSE,0.347713,11428000000,6
GRSF1_MOUSE,1.758553,1547050000,1
GSH0_MOUSE,0.778532,127663000000,6
GSH1_MOUSE,0.250568,135009000000,24
GSHB_MOUSE,0.223052,52536700000,8
GSHR_MOUSE,0.199863,61061300000,14
GSTA1_MOUSE,0.164944,120703000000,9
GSTA2_MOUSE,0.08743,18803400000,7
GSTA3_MOUSE,0.211726,3509430000000,11
GSTA4_MOUSE,0.223853,131280000000,9
GSTK1_MOUSE,0.238986,307427000000,17
GSTM1_MOUSE,0.249565,7080780000000,38
GSTM2_MOUSE,0.225017,89348300000,13
GSTM3_MOUSE,0.194225,86698600000,10
GSTM4_MOUSE,0.204783,15868400000,6
GSTM5_MOUSE,0.18413,464436000,2
GSTM6_MOUSE,0.598968,13209700000,7
GSTM7_MOUSE,0.172796,8467010000,7
GSTO1_MOUSE,0.186114,156969000000,11
GSTP1_MOUSE,0.200325,18001700000000,41
GSTP2_MOUSE,0.01757,1977780000,1
GSTT1_MOUSE,0.211611,394855000000,20
GSTT2_MOUSE,0.156223,63814500000,9
GSTT3_MOUSE,0.171378,97977700000,14
GTR2_MOUSE,0.430945,9742850000,4
GTR9_MOUSE,0.17821,130965000,1
GUAA_MOUSE,0.534399,8694510000,6
GUAD_MOUSE,0.197685,6945860000,9
GYS2_MOUSE,0.237815,158318000000,30
H10_MOUSE,0.051195,14848100000,2
H12_MOUSE,0.07315,53368900000,9
H13_MOUSE,0.094547,225482000000,10
H14_MOUSE,0.080678,88991800000,7
H17B6_MOUSE,0.508688,315412000000,12
H2A1B_MOUSE,0.037321,1418410000000,5
H2A2A_MOUSE,0.038465,155234000000,5
H2A2B_MOUSE,NaN,23737400000,3
H2AV_MOUSE,0.114411,69497500000,3
H2AW_MOUSE,0.366807,14782000000,3
H2AX_MOUSE,0.022478,10731600000,3
H2AY_MOUSE,0.105183,95567000000,10
H2B1B_MOUSE,0.039337,1488420000000,11
H31_MOUSE,0.008328,7798180000,5
H32_MOUSE,0.000548,277741000000,7
H3C_MOUSE,0.003956,19680100000,2
H4_MOUSE,0.017353,2709120000000,16
HA10_MOUSE,3.2075,8997750000,2
HA11_MOUSE,7.432182,1094350000,3
HA1B_MOUSE,7.244943,16058800000,3
HA1L_MOUSE,0.004599,254351000,3
HABP4_MOUSE,0.183047,407572000,1
HACD3_MOUSE,0.403714,34408300000,6
HACL1_MOUSE,0.311827,311064000000,32
HACL2_MOUSE,0.294052,1614680000,3
HAOX1_MOUSE,0.751396,65985200000,13
HAP28_MOUSE,0.423896,3659200000,4
HARS1_MOUSE,0.276578,4598650000,3
HBA_MOUSE,0.014158,6804550000000,17
HBB1_MOUSE,0.020661,10983700000000,31
HCD2_MOUSE,0.14686,464007000000,19
HCDH_MOUSE,0.121737,454948000000,20
HDAC1_MOUSE,0.576663,326736000,2
HDGF_MOUSE,0.264142,24926000000,7
HDHD2_MOUSE,0.000276,9052530000,5
HDHD3_MOUSE,0.070895,15768800000,6
HDHD5_MOUSE,0.056939,3874050000,5
HEBP1_MOUSE,1.97169,18900100000,7
HECD1_MOUSE,1.540106,226158000,2
HEM2_MOUSE,0.316381,226889000000,18
HEM3_MOUSE,0.451869,1875460000,3
HEM6_MOUSE,0.248874,68269900000,17
HEMH_MOUSE,0.232212,59865200000,17
HEMO_MOUSE,0.848542,117344000000,18
HEPS_MOUSE,0.666367,369515000,1
HGD_MOUSE,0.330271,968887000000,29
HIBCH_MOUSE,0.156737,215097000000,23
HIKES_MOUSE,0.240679,111266000,1
HINT1_MOUSE,0.000602,198660000000,13
HINT2_MOUSE,0.177627,81706000000,7
HIP1R_MOUSE,0.798862,400826000,1
HIUH_MOUSE,0.3862,152478000000,6
HM13_MOUSE,8.809923,6709410000,2
HMCS1_MOUSE,3.852397,344556000000,14
HMCS2_MOUSE,0.358672,3612220000000,47
HMGB1_MOUSE,0.262673,169704000000,14
HMGB2_MOUSE,0.181344,66016400,1
HMGCL_MOUSE,0.217816,359857000000,19
HMGN5_MOUSE,0.29186,1297770000,1
HMOX2_MOUSE,0.998635,1201610000,2
HNMT_MOUSE,0.197498,5294760000,3
HNRH1_MOUSE,0.371442,67046700000,11
HNRH2_MOUSE,0.358595,17597700000,5
HNRL2_MOUSE,0.270156,42737400000,4
HNRLL_MOUSE,0.04921,177195000,1
HNRPC_MOUSE,0.335791,20970300000,5
HNRPD_MOUSE,0.175601,23662900000,4
HNRPF_MOUSE,0.68181,19796500000,6
HNRPK_MOUSE,0.545979,156861000000,18
HNRPL_MOUSE,0.382999,65179100000,13
HNRPM_MOUSE,0.276912,37088900000,12
HNRPQ_MOUSE,0.353935,35772800000,10
HNRPU_MOUSE,0.448585,107705000000,11
HOGA1_MOUSE,0.119961,341220000000,20
HOT_MOUSE,0.17247,43674700000,10
HPPD_MOUSE,0.767104,1627420000000,31
HPRT_MOUSE,0.290058,30657700000,10
HPT_MOUSE,NaN,1738860000,2
HRG_MOUSE,6.817058,3052070000,3
HS105_MOUSE,0.910504,31014500000,9
HS71A_MOUSE,0.453884,144486000000,9
HS71B_MOUSE,0.43247,140817000000,11
HS71L_MOUSE,NaN,8356500000,2
HS74L_MOUSE,0.24677,3092070000,3
HS90A_MOUSE,0.467563,802261000000,47
HS90B_MOUSE,0.515588,1089520000000,35
HSDL2_MOUSE,0.321834,39959400000,12
HSP74_MOUSE,0.416248,88813900000,22
HSP7C_MOUSE,0.573845,1932110000000,43
HSPB1_MOUSE,0.736745,960363000,1
HSPB8_MOUSE,NaN,606613000,1
HTAI2_MOUSE,0.225284,14366100000,8
HTRA2_MOUSE,0.156735,3186700000,4
HUTH_MOUSE,0.309678,302071000000,28
HUTI_MOUSE,0.203242,195403000000,16
HUTU_MOUSE,0.242645,766232000000,33
HUWE1_MOUSE,0.446796,331117000,4
HVM12_MOUSE,0.144379,67468100,1
HXK4_MOUSE,0.576327,20793700000,8
HYEP_MOUSE,0.395896,989479000000,42
HYES_MOUSE,0.31281,2742670000000,71
HYKK_MOUSE,0.228537,11098300000,6
HYOU1_MOUSE,0.39881,257534000000,36
HYPDH_MOUSE,0.166241,15837300000,8
I23O2_MOUSE,0.583486,15354000000,9
IAH1_MOUSE,0.243366,75274800000,11
IC1_MOUSE,6.221635,4157520000,5
ICAL_MOUSE,NaN,100605000,1
ICAM1_MOUSE,0.235245,298797000,1
ICA_MOUSE,3.990518,1560070000,3
IDE_MOUSE,0.512847,13803200000,6
IDH3A_MOUSE,0.136822,50875600000,6
IDHC_MOUSE,0.240056,1609940000000,41
IDHG1_MOUSE,0.27033,23388800000,13
IDHP_MOUSE,0.189534,300302000000,23
IDI1_MOUSE,2.701868,10359500000,5
IF1A_MOUSE,1.480442,4114370000,2
IF2A_MOUSE,0.156013,48319400000,11
IF2B_MOUSE,0.342225,19783800000,11
IF2G_MOUSE,0.339369,65190500000,13
IF2H_MOUSE,0.312191,1939150000,1
IF2M_MOUSE,NaN,1149930000,1
IF2P_MOUSE,0.311718,4738180000,4
IF4A1_MOUSE,0.579161,393635000000,23
IF4A2_MOUSE,0.48353,30594000000,7
IF4A3_MOUSE,0.489957,9754090000,5
IF4B_MOUSE,0.353931,8067240000,5
IF4E_MOUSE,0.229427,8812500000,4
IF4G1_MOUSE,0.484794,35146400000,15
IF4G2_MOUSE,0.566092,1102080000,2
IF4G3_MOUSE,1.309883,1862460000,1
IF4H_MOUSE,0.842587,5269570000,2
IF5A1_MOUSE,0.400036,207956000000,17
IF5_MOUSE,0.751345,17464600000,6
IF6_MOUSE,0.486079,24822000000,8
IFI4_MOUSE,0.394043,124393000,1
IGH1M_MOUSE,0.054459,1940450000,1
IGHA_MOUSE,2.466534,799697000,1
IGHG3_MOUSE,0.197332,271703000,1
IGHM_MOUSE,0.332053,7184510000,6
IGKC_MOUSE,0.001139,6821650000,3
IIGP1_MOUSE,1.272866,64206100000,19
ILEUA_MOUSE,0.051665,75857400,1
ILF2_MOUSE,0.177673,6117560000,5
ILK_MOUSE,0.340501,1687130000,3
IMA3_MOUSE,0.92055,88116000,1
IMA4_MOUSE,0.445553,442889000,2
IMA5_MOUSE,0.862993,181714000,1
IMA7_MOUSE,0.713963,449384000,2
IMB1_MOUSE,0.440345,17619700000,11
IMDH2_MOUSE,0.71147,3088020000,6
IMPA1_MOUSE,0.191605,3614880000,3
IN35_MOUSE,0.224744,1273500000,1
INMT_MOUSE,0.18131,1437790000000,24
IPO5_MOUSE,0.480505,2584740000,6
IPO7_MOUSE,0.604548,5420140000,7
IPYR2_MOUSE,0.14176,20956800000,11
IPYR_MOUSE,0.169312,309535000000,26
IQGA1_MOUSE,NaN,1445290000,1
IQGA2_MOUSE,0.401901,249592000000,54
IRF3_MOUSE,0.097727,578180000,3
IRGM1_MOUSE,0.360631,9839700000,7
ISC2A_MOUSE,0.110827,181711000000,10
ISCU_MOUSE,3.668487,1370440000,1
ISOC1_MOUSE,0.348814,28408800000,7
ITA1_MOUSE,0.125072,310806000,2
ITAV_MOUSE,0.003697,3415040,1
ITB1_MOUSE,0.297687,1847690000,3
ITB2_MOUSE,0.326644,76539600,1
ITIH1_MOUSE,0.292189,826171000,2
ITIH2_MOUSE,1.671951,3508570000,2
ITIH4_MOUSE,3.110792,785296000,2
ITPA_MOUSE,0.140974,5498350000,3
ITSN1_MOUSE,0.210471,102691000,1
IVD_MOUSE,0.109829,206069000000,16
IYD1_MOUSE,0.350324,13349200000,4
JAM1_MOUSE,0.241964,1630930000,2
K1C13_MOUSE,0.021648,7515140000,4
K1C14_MOUSE,0.003111,5051740000,8
K1C16_MOUSE,0.000584,5338040000,4
K1C18_MOUSE,0.102706,1454700000000,50
K1C19_MOUSE,NaN,635892000,3
K1C42_MOUSE,NaN,2046400000,1
K2C1B_MOUSE,0.050671,212240000000,4
K2C1_MOUSE,0.000228,153194000000,5
K2C5_MOUSE,0.014661,84786600000,5
K2C6A_MOUSE,0.153173,25073000000,5
K2C72_MOUSE,0,1275600000,1
K2C73_MOUSE,NaN,15169600000,2
K2C75_MOUSE,0.00406,16379300000,2
K2C79_MOUSE,0.000232,21332000000,3
K2C8_MOUSE,0.126517,1260590000000,44
KAD2_MOUSE,0.138044,372631000000,21
KAD3_MOUSE,0.250181,173450000000,15
KAD4_MOUSE,0.159375,19402000000,9
KAP2_MOUSE,0.267971,25806400000,11
KAT1_MOUSE,0.177206,66598900000,12
KAT3_MOUSE,0.226393,129988000000,20
KBL_MOUSE,0.14098,154540000000,22
KCD12_MOUSE,0.09844,1241910000,2
KCMF1_MOUSE,0.839586,89879500,1
KCRB_MOUSE,0.090035,2305670000,4
KCY_MOUSE,0.286725,79043800000,9
KEG1_MOUSE,0.305415,231819000000,18
KFA_MOUSE,0.743945,1758310000,1
KGUA_MOUSE,2.072826,590938000,1
KHDR1_MOUSE,0.315835,67893100,1
KHK_MOUSE,0.171419,293215000000,13
KIME_MOUSE,0.153325,6289390000,4
KINH_MOUSE,0.011867,1869370000,5
KISHA_MOUSE,0.400088,116377000,1
KLC4_MOUSE,1.450466,220561000,1
KLKB1_MOUSE,NaN,389021000,1
KMO_MOUSE,0.23362,163112000000,23
KNG1_MOUSE,1.239776,15158800000,10
KPBB_MOUSE,0.130318,1984780000,5
KPRA_MOUSE,0.32898,17130100000,8
KPYM_MOUSE,0.074886,42367600000,12
KPYR_MOUSE,0.256414,540109000000,26
KTAP2_MOUSE,0.153132,9916240000,2
KV2A7_MOUSE,NaN,386595000,1
KYNU_MOUSE,0.226954,114767000000,19
L2HDH_MOUSE,0.092603,15222200000,5
LACB2_MOUSE,0.309291,165057000000,17
LACTB_MOUSE,0.166935,65634400000,22
LAMA5_MOUSE,0.006537,303976000,3
LAMB2_MOUSE,7.879562,442034000,3
LAMP1_MOUSE,NaN,1037980000,1
LAMP2_MOUSE,2.671281,19556900000,3
LANC2_MOUSE,0.000226,1123050000,2
LAP2B_MOUSE,0.216592,7157110000,4
LAR4B_MOUSE,1.081099,204460000,1
LARP1_MOUSE,NaN,1766200000,1
LASP1_MOUSE,0.590016,17247000000,3
LA_MOUSE,0.124106,1160560000,3
LBR_MOUSE,0.824806,1583570000,3
LC7L2_MOUSE,NaN,847601000,1
LC7L3_MOUSE,0.58021,295150000,1
LCLT1_MOUSE,0,219104000,1
LDHA_MOUSE,0.341331,1580760000000,35
LDHB_MOUSE,NaN,998015000,2
LDHD_MOUSE,0.369488,141292000000,17
LDLR_MOUSE,4.260868,314879000,1
LEG1_MOUSE,0.222634,25059300000,5
LEG9_MOUSE,1.030209,213603000000,8
LETM1_MOUSE,0.169777,67056500000,20
LG3BP_MOUSE,0.823285,2716630000,2
LGAT1_MOUSE,0.507521,2007030000,5
LGMN_MOUSE,0.282428,28182000000,8
LGUL_MOUSE,0.271885,297034000000,9
LHPP_MOUSE,0,9516200000,7
LICH_MOUSE,0.560626,34771000000,6
LIMA1_MOUSE,0.497022,3642030000,5
LIN7A_MOUSE,0.281035,1441650000,3
LIS1_MOUSE,0.468244,6751050000,5
LKHA4_MOUSE,0.151376,75901900000,23
LMAN1_MOUSE,0.247878,144996000000,15
LMAN2_MOUSE,0,31006400000,9
LMF1_MOUSE,0.211233,6468610000,4
LMF2_MOUSE,0.512911,441544000,2
LMNA_MOUSE,0.103557,101509000000,24
LMNB1_MOUSE,0.006626,11581600000,11
LMNB2_MOUSE,0.045516,5834110000,8
LONM_MOUSE,0.201288,155110000000,36
LONP2_MOUSE,4.911784,19254600000,10
LPP60_MOUSE,0.73254,15161400000,10
LPPRC_MOUSE,0.444516,128971000000,38
LPP_MOUSE,0.199725,2478260000,3
LRBA_MOUSE,0.199507,231266000,2
LRC40_MOUSE,0.708486,191996000,1
LRC47_MOUSE,0.344252,971490000,2
LRC59_MOUSE,0.117923,85519200000,13
LRP1_MOUSE,0.801885,37018200000,24
LSM2_MOUSE,0.073134,27177400000,4
LSM8_MOUSE,0.093063,1621340000,1
LSS_MOUSE,0.645645,6297620000,6
LTMD1_MOUSE,0.215192,1217300000,3
LTOR1_MOUSE,0.605756,326765000,1
LUC7L_MOUSE,0.791433,35330000,1
LUM_MOUSE,0.03436,4587710000,5
LYAG_MOUSE,0.183736,29820500000,12
LYN_MOUSE,0.26537,527006000,1
LYPA1_MOUSE,0.267444,62473900000,9
LYPA2_MOUSE,0.268403,3518470000,5
LYPL1_MOUSE,0.797091,1201560000,2
LYRIC_MOUSE,0.20851,95296700000,6
LYZ2_MOUSE,0.025782,201703000,1
M2GD_MOUSE,0.145444,1395390000000,72
M2OM_MOUSE,0.125807,59752900000,9
MA2A1_MOUSE,0.937785,24395500000,9
MA2B1_MOUSE,0.73897,8115910000,5
MA2C1_MOUSE,0.147532,97831400,1
MAAI_MOUSE,0.190648,1159620000000,21
MACD1_MOUSE,0.170014,20200100000,6
MAIP1_MOUSE,0.161072,2908170000,4
MAL2_MOUSE,0.081506,3916060000,1
MANBA_MOUSE,0.152072,2901400000,3
MANF_MOUSE,0.451985,31259000000,6
MAOX_MOUSE,0.242863,765571000000,47
MAP11_MOUSE,0.198739,4038150000,7
MARC1_MOUSE,0.36002,152105000000,13
MARC2_MOUSE,0.314835,103519000000,11
MARH5_MOUSE,0.901708,646956000,2
MAT2B_MOUSE,0.45836,5129240000,6
MATR3_MOUSE,0.536161,12275300000,10
MAVS_MOUSE,0.327915,29592400000,7
MBB1A_MOUSE,0.385534,10370600000,9
MBL2_MOUSE,9.570667,7747960000,2
MBOA5_MOUSE,0.497156,4965920000,2
MBOA7_MOUSE,1.153748,1841330000,2
MCA3_MOUSE,0.664739,3046100000,2
MCAT_MOUSE,0.151541,117528000000,15
MCCA_MOUSE,0.124422,145214000000,31
MCCB_MOUSE,0.157629,126755000000,23
MCTS1_MOUSE,0.271865,8063160000,4
MDHC_MOUSE,0.238476,1745100000000,17
MDHM_MOUSE,0.15648,1814000000000,21
MDR3_MOUSE,2.097103,3212890000,2
MECP2_MOUSE,0.089485,801125000,3
MECR_MOUSE,0.102561,50113300000,14
MEMO1_MOUSE,0.432538,8846830000,7
MEP1A_MOUSE,NaN,253421000,1
MEP50_MOUSE,0.263298,1087620000,2
MET7B_MOUSE,0.47523,203764000000,8
METK1_MOUSE,0.426155,740102000000,22
METK2_MOUSE,1.74441,3330310000,1
MFN2_MOUSE,0.187946,234870000,1
MGDP1_MOUSE,NaN,1799230000,1
MGLL_MOUSE,1.015009,6948580000,5
MGST1_MOUSE,0.274868,4674920000000,23
MIA2_MOUSE,NaN,2495780000,3
MIC13_MOUSE,0.49689,14575500000,4
MIC19_MOUSE,0.211935,28274100000,9
MIC26_MOUSE,0.161667,15502600000,4
MIC27_MOUSE,0.111978,24274300000,11
MIC60_MOUSE,0.126384,174782000000,32
MIF_MOUSE,0.159033,75658100000,2
MIGA2_MOUSE,0.002655,187475000,1
MIRO1_MOUSE,NaN,557304000,2
MIRO2_MOUSE,0.272034,332340000,2
MITOS_MOUSE,0.345941,1334770000,2
MIX23_MOUSE,0.105609,10069400000,4
MK01_MOUSE,NaN,46604100,1
MK03_MOUSE,0.194759,432049000,1
MK14_MOUSE,0.903093,412417000,2
ML12B_MOUSE,0.740787,47916200000,9
MLEC_MOUSE,0.116635,35324000000,12
MMAA_MOUSE,0.251351,357813000,1
MMAB_MOUSE,0.1126,4712080000,4
MMSA_MOUSE,0.145921,1509390000000,46
MOCOS_MOUSE,1.693518,2140270000,3
MOCS1_MOUSE,0.148084,2006420000,3
MOES_MOUSE,0.227382,46681000000,13
MOGS_MOUSE,0.106241,57675400000,21
MOT10_MOUSE,0.495222,86458100,1
MOT1_MOUSE,0.292909,2622600000,2
MOV10_MOUSE,0.823059,1265820000,2
MP2K1_MOUSE,0.345091,3914810000,5
MP2K2_MOUSE,0.374351,4683670000,8
MPC1_MOUSE,0.140996,18566900000,5
MPC2_MOUSE,0.273668,61337300000,5
MPCP_MOUSE,0.162317,450815000000,15
MPI_MOUSE,0.268511,3946990000,5
MPP6_MOUSE,NaN,622232000,1
MPPA_MOUSE,0.115221,10163700000,7
MPPB_MOUSE,3.134854,2719920000,2
MPRD_MOUSE,0.422014,9149330000,2
MPU1_MOUSE,0.302213,6643260000,3
MPV17_MOUSE,0.247511,6340120000,3
MRC1_MOUSE,0.3823,4783760000,7
MRCKB_MOUSE,0.404343,1208110000,5
MRP2_MOUSE,0.626126,22745200000,12
MRP6_MOUSE,0.36142,9203020000,13
MSRA_MOUSE,0.293311,143447000000,17
MTA2_MOUSE,0.618084,586409000,2
MTAP_MOUSE,0.24146,11638000000,6
MTCH1_MOUSE,NaN,87451600,1
MTCH2_MOUSE,0.188449,231294000000,13
MTL26_MOUSE,0.211369,76940800000,5
MTNA_MOUSE,0.243518,7857870000,7
MTNB_MOUSE,0.128582,6541600000,7
MTND_MOUSE,1.575049,3361170000,2
MTPN_MOUSE,0.454874,2795310000,1
MTP_MOUSE,0.350069,668174000000,44
MTUS1_MOUSE,1.009228,111528000,1
MTX1_MOUSE,0.376738,13208400000,6
MTX2_MOUSE,0.26587,9573530000,5
MUG1_MOUSE,1.400871,254733000000,40
MUG2_MOUSE,6.349936,7084940000,5
MUP17_MOUSE,8.061711,3742590000000,34
MUP20_MOUSE,6.724598,250579000000,16
MUP2_MOUSE,7.525707,454335000000,12
MUP3_MOUSE,9.472792,54254600000,5
MUTA_MOUSE,0.399326,138939000000,23
MVD1_MOUSE,0.292738,720119000,1
MVP_MOUSE,0.312077,88452400000,17
MY18A_MOUSE,0.501264,2423110000,6
MYDGF_MOUSE,0.565581,23789900000,3
MYG1_MOUSE,0.293499,2841310000,4
MYH10_MOUSE,0.188337,63752200000,19
MYH11_MOUSE,0.31354,8222620000,2
MYH14_MOUSE,0.527316,2999090000,1
MYH9_MOUSE,0.380992,470983000000,91
MYL6_MOUSE,0.629217,43829700000,9
MYLK_MOUSE,1.3549,38497200,1
MYO1B_MOUSE,0.316479,14971400000,15
MYO1C_MOUSE,0.12195,14817100000,12
MYO6_MOUSE,2.183364,836727000,3
NAA15_MOUSE,0.472968,539524000,1
NACA_MOUSE,0.406771,103750000000,7
NADC_MOUSE,0.291543,240592000000,13
NADE_MOUSE,0.206692,655785000,1
NAGAB_MOUSE,0.070885,12676100000,7
NAGS_MOUSE,NaN,928888000,2
NAKD2_MOUSE,0.12257,88568300000,15
NAMPT_MOUSE,0.422714,26360000000,8
NB5R3_MOUSE,0.267156,786936000000,30
NCEH1_MOUSE,1.06046,2177110000,4
NCKP1_MOUSE,0.314674,417742000,2
NCLN_MOUSE,0.125899,23475100000,9
NCPR_MOUSE,0.444619,308844000000,28
NDK3_MOUSE,0.073496,1600110000,1
NDKA_MOUSE,0.295406,580145000000,14
NDKB_MOUSE,0.280236,221013000000,11
NDRG2_MOUSE,1.186093,374476000000,19
NDUA1_MOUSE,0.392418,1261430000,1
NDUA2_MOUSE,0.088469,21248500000,3
NDUA3_MOUSE,0.175473,1354380000,1
NDUA4_MOUSE,0.557361,248878000000,3
NDUA5_MOUSE,0.163865,30232900000,8
NDUA6_MOUSE,0.324781,25125000000,5
NDUA7_MOUSE,0.236759,8931550000,1
NDUA8_MOUSE,0.125897,73650000000,11
NDUA9_MOUSE,0.267623,107689000000,19
NDUAA_MOUSE,0.210719,97986300000,15
NDUAB_MOUSE,0.228106,24374600000,7
NDUAC_MOUSE,0.208414,63349800000,10
NDUAD_MOUSE,0.118995,54563300000,9
NDUB4_MOUSE,0.120595,25221000000,4
NDUB5_MOUSE,0.161969,5806630000,3
NDUB6_MOUSE,0.914926,23086200000,4
NDUB7_MOUSE,0.151038,7726010000,3
NDUB8_MOUSE,0.112651,4008180000,4
NDUB9_MOUSE,0.093514,33136000000,5
NDUBA_MOUSE,0.264456,154527000000,7
NDUBB_MOUSE,0,2662070000,2
NDUC2_MOUSE,0.155983,29902900000,6
NDUF2_MOUSE,0.307907,1713420000,3
NDUF3_MOUSE,0.157934,1431020000,2
NDUF4_MOUSE,0.19661,416534000,1
NDUS1_MOUSE,0.141832,289154000000,33
NDUS2_MOUSE,0.18252,121676000000,20
NDUS3_MOUSE,0.212741,134551000000,13
NDUS4_MOUSE,0.23326,16148400000,3
NDUS5_MOUSE,0.199994,20113600000,5
NDUS6_MOUSE,0.316658,15016200000,9
NDUS7_MOUSE,1.006697,20751700000,6
NDUS8_MOUSE,0.101463,38635800000,5
NDUV1_MOUSE,0.1425,121866000000,19
NDUV2_MOUSE,0.142096,67302400000,10
NEDD4_MOUSE,8.862916,2094590000,3
NEUA_MOUSE,0.124869,42652600000,7
NEUL_MOUSE,0.112373,1689450000,3
NFS1_MOUSE,0.365536,8771180000,8
NFU1_MOUSE,0.13358,1434520000,2
NGP_MOUSE,0.100455,249381000,1
NH2L1_MOUSE,0.092931,9062900000,4
NHP2_MOUSE,0.126043,2125570000,2
NHRF1_MOUSE,1.363491,27780800000,10
NHRF3_MOUSE,0.435595,32748800000,15
NINJ1_MOUSE,0.438751,1809140000,2
NIPS1_MOUSE,0.121725,447670000000,21
NIPS2_MOUSE,0.080811,158945000,1
NIT1_MOUSE,0.188239,78416000000,13
NIT2_MOUSE,0.182019,242413000000,18
NLRX1_MOUSE,NaN,28128700,1
NMI_MOUSE,1.081597,1042390000,1
NMT1_MOUSE,0.333695,9406610000,7
NMT2_MOUSE,0.283523,155835000,1
NNRD_MOUSE,0.295497,15036800000,8
NNRE_MOUSE,0.124192,49730400000,9
NOMO1_MOUSE,0.084465,37613200000,23
NONO_MOUSE,0.983299,12313900000,3
NOP56_MOUSE,0.197474,30471800000,10
NOP58_MOUSE,0.078606,9825640000,10
NP1L1_MOUSE,0.446107,10271300000,4
NP1L4_MOUSE,0.295764,2708850000,5
NPC2_MOUSE,0.501947,378686000,1
NPL4_MOUSE,0.473215,5691680000,5
NPM_MOUSE,0.209055,75103100000,9
NPS3B_MOUSE,0.093051,40774100000,9
NPT2A_MOUSE,0.000383,438318000,2
NQO2_MOUSE,0.197424,109523000000,13
NSDHL_MOUSE,0.578362,32931900000,13
NSF1C_MOUSE,0.549449,18668100000,6
NSF_MOUSE,0.244081,190344000,1
NSMA_MOUSE,0.267587,91725400,1
NT5C_MOUSE,NaN,4177450000,3
NT8F2_MOUSE,0.611468,98120900000,4
NTCP_MOUSE,1.329555,32509600000,1
NTF2_MOUSE,0.119681,2529550000,3
NU155_MOUSE,0.061137,556072000,2
NU160_MOUSE,9.4E-05,94827300,1
NU1M_MOUSE,0.151189,12732100000,4
NU2M_MOUSE,0.166137,5082350000,1
NU3M_MOUSE,0.15329,1405910000,1
NU4M_MOUSE,NaN,10678900000,6
NU5M_MOUSE,0.122867,33369400000,8
NUBPL_MOUSE,0.027517,446153000,2
NUCG_MOUSE,0.358369,9728860000,4
NUCL_MOUSE,0.565463,63621300000,10
NUD12_MOUSE,0.424418,24679000000,11
NUD16_MOUSE,0.165304,12206400,1
NUD19_MOUSE,0.422119,9387540000,6
NUDC_MOUSE,0.04636,701711000,2
NUDT5_MOUSE,0.334907,331013000,1
NUDT7_MOUSE,0.744618,278535000000,12
NUDT8_MOUSE,0.113506,187297000,1
NUP43_MOUSE,NaN,151740000,1
NUP93_MOUSE,0.030134,357823000,2
OASL1_MOUSE,0.248444,1741470000,1
OAT_MOUSE,1.14888,470585000000,22
OCAD1_MOUSE,0.661917,19967300000,5
OCAD2_MOUSE,0.664559,5254980000,2
OCTC_MOUSE,1.492986,85451200000,19
ODB2_MOUSE,0.166288,105576000000,16
ODBA_MOUSE,0.239871,132784000000,20
ODBB_MOUSE,0.103516,47779000000,12
ODC_MOUSE,0.365816,222542000,1
ODO1_MOUSE,0.403289,128698000000,35
ODO2_MOUSE,0.118656,220603000000,13
ODP2_MOUSE,0.065099,148404000000,18
ODPA_MOUSE,0.043679,100810000000,12
ODPB_MOUSE,0.199776,226482000000,21
ODPX_MOUSE,0.124904,8199810000,3
ODR4_MOUSE,0.375056,1885270000,3
OLA1_MOUSE,0.207584,21279200000,7
OPA1_MOUSE,0.182756,22336300000,14
OPA3_MOUSE,0.175676,3320930000,1
OPLA_MOUSE,0.389516,116447000000,36
ORNT1_MOUSE,0.269835,150484000000,13
ORN_MOUSE,0.528236,396404000,1
OSBL1_MOUSE,0.447586,1030570000,3
OSBL8_MOUSE,NaN,393033000,1
OSBL9_MOUSE,0.452809,182128000,1
OSBP1_MOUSE,0.330923,1382280000,3
OSGEP_MOUSE,0.114072,1774740000,1
OST48_MOUSE,0.094021,130975000000,12
OSTC_MOUSE,NaN,30755600000,1
OSTF1_MOUSE,0.507758,5040400000,2
OTC_MOUSE,0.139051,2505420000000,28
OTUB1_MOUSE,0.429382,9661020000,6
OXND1_MOUSE,0.422939,547604000,1
OXSM_MOUSE,0.156595,12891200000,4
OXSR1_MOUSE,0.169079,873091000,2
P20D1_MOUSE,0.382785,28523800000,9
P5CR3_MOUSE,0.267126,31819800000,8
PA1B2_MOUSE,0.109829,3917010000,3
PA2G4_MOUSE,0.163381,130535000000,18
PABP1_MOUSE,0.249019,169436000000,17
PACN2_MOUSE,0.390979,8092500000,5
PACN3_MOUSE,0.186883,8093430000,6
PAFA2_MOUSE,0.398453,8963600000,7
PAG15_MOUSE,0.097426,908346000,2
PAHX_MOUSE,4.686186,50949800000,8
PAIRB_MOUSE,0.480578,11760700000,8
PAPS2_MOUSE,0.452495,46873600000,20
PARK7_MOUSE,0.252851,223232000000,17
PARL_MOUSE,0.14896,1551950000,2
PARP1_MOUSE,0.554761,628629000,1
PARP9_MOUSE,0.545128,8710770000,6
PARVA_MOUSE,0.121182,3745850000,3
PAXI_MOUSE,0.331349,718405000,1
PBLD1_MOUSE,0.238904,438767000000,20
PBLD2_MOUSE,0.344218,108268000000,11
PCBP1_MOUSE,0.453343,189257000000,11
PCBP2_MOUSE,0.129293,51527700000,7
PCCA_MOUSE,0.120207,194714000000,38
PCCB_MOUSE,0.118548,225060000000,25
PCKGC_MOUSE,3.645281,231115000000,19
PCP_MOUSE,0,2878420000,3
PCY1A_MOUSE,0.753716,1190030000,1
PCY2_MOUSE,0.393886,61391500000,10
PCYOX_MOUSE,0.317437,33475300000,12
PDC6I_MOUSE,0.593156,37677800000,18
PDCD6_MOUSE,0.792668,9967980000,3
PDIA1_MOUSE,0.440555,2336980000000,40
PDIA3_MOUSE,0.4228,1437230000000,52
PDIA4_MOUSE,0.419077,406593000000,35
PDIA5_MOUSE,0.079955,175031000000,27
PDIA6_MOUSE,0.385441,317315000000,26
PDIP2_MOUSE,0.845488,4262370000,3
PDK1_MOUSE,0.726031,834902000,2
PDLI1_MOUSE,0.218226,1270230000,4
PDLI5_MOUSE,0.388227,7602270000,9
PDXD1_MOUSE,NaN,542023000,1
PDXK_MOUSE,0.206199,65647500000,15
PEBP1_MOUSE,0.2081,262966000000,12
PECR_MOUSE,0.263259,282962000000,15
PEDF_MOUSE,NaN,338212000,1
PEMT_MOUSE,0.247278,20307200000,4
PEPD_MOUSE,NaN,725792000,1
PEPL1_MOUSE,NaN,7231390000,7
PEX14_MOUSE,0.496477,2136340000,4
PEX16_MOUSE,0.468275,521188000,2
PEX3_MOUSE,0.317228,21319900000,4
PEX5_MOUSE,0.409102,441720000,2
PEX6_MOUSE,0.019035,2992130000,5
PFKAL_MOUSE,0.345009,17745800000,8
PFKAM_MOUSE,0.575522,1567270000,2
PG12B_MOUSE,0.48272,5458250000,3
PGAM1_MOUSE,0.207595,585251000000,30
PGBM_MOUSE,0.064688,41037300000,44
PGDH_MOUSE,0.863185,2882730000,2
PGES2_MOUSE,0.200068,7334830000,8
PGGHG_MOUSE,0.104467,777759000,3
PGH1_MOUSE,NaN,153437000,2
PGK1_MOUSE,0.197645,1845120000000,43
PGM1_MOUSE,0.208036,836207000000,37
PGM2_MOUSE,0.119212,8494860,1
PGP_MOUSE,0.185917,7733200000,5
PGRC1_MOUSE,0.530255,264188000000,10
PGRC2_MOUSE,0.47107,10225900000,3
PGS1_MOUSE,NaN,6180440000,6
PGS2_MOUSE,NaN,1926240000,1
PGTA_MOUSE,0.328511,812334000,1
PH4H_MOUSE,1.360491,594500000000,31
PHB2_MOUSE,0.113938,322550000000,17
PHB_MOUSE,0.130971,350582000000,14
PHF5A_MOUSE,0.677776,779322000,1
PHLD_MOUSE,0.775704,622545000,1
PHS2_MOUSE,0.14015,2226120000,1
PHS_MOUSE,0.257227,186336000000,8
PHYD1_MOUSE,0.310788,2124910000,2
PI4KA_MOUSE,0.26956,585136000,2
PICAL_MOUSE,0.729936,21464600000,7
PIGR_MOUSE,0.601133,6005130000,5
PIGS_MOUSE,0.398831,787278000,3
PIMT_MOUSE,0.315254,1844250000,4
PIPNA_MOUSE,0.362998,5342130000,2
PIPNB_MOUSE,0.36938,5695960000,5
PIR_MOUSE,0.676083,1782650000,2
PLAK_MOUSE,0.576221,7910460000,10
PLAP_MOUSE,0.344163,3345640000,8
PLBL1_MOUSE,0.106352,3932770000,5
PLBL2_MOUSE,0.869994,1782260000,2
PLCB_MOUSE,0.379656,60556200000,6
PLCC_MOUSE,0.196298,5640940000,4
PLEC_MOUSE,0.310159,25654600000,29
PLIN2_MOUSE,1.307451,6428460000,3
PLIN3_MOUSE,1.072076,4839170000,5
PLMN_MOUSE,1.665551,10389800000,9
PLM_MOUSE,NaN,11975200000,1
PLPHP_MOUSE,0.337599,48372800000,8
PLSI_MOUSE,0.311272,12855100000,5
PLSL_MOUSE,0.359651,90918600000,27
PLST_MOUSE,0.412438,85810700000,22
PMGE_MOUSE,0.029122,887242000,1
PMM2_MOUSE,0.231614,2716840000,3
PMVK_MOUSE,NaN,330934000,2
PNCB_MOUSE,0.276161,61259800000,18
PNPH_MOUSE,0.214455,200197000000,19
PNPO_MOUSE,0.24627,43941300000,9
PNPT1_MOUSE,0.292933,2061800000,2
PO210_MOUSE,NaN,1858410000,4
PON1_MOUSE,1.633325,130293000000,8
PON2_MOUSE,0.311615,4810780000,5
PON3_MOUSE,0.535082,33732900000,7
PP1A_MOUSE,1.080778,13174400000,8
PP1B_MOUSE,1.470936,7597170000,11
PP1R7_MOUSE,0.298228,8345780000,9
PP2AA_MOUSE,0.479664,19297800000,8
PPA5_MOUSE,0.274649,6334350000,4
PPA6_MOUSE,0.194209,3455880000,3
PPAC_MOUSE,0.226363,21168800000,4
PPCE_MOUSE,0.412138,38024400000,14
PPCT_MOUSE,0.331984,2592380000,1
PPGB_MOUSE,0.338596,27855000000,7
PPIA_MOUSE,0.330442,1721530000000,20
PPIB_MOUSE,0.39425,400830000000,15
PPID_MOUSE,0.583087,7317750000,5
PPIF_MOUSE,0.150134,15618000000,5
PPIL1_MOUSE,0.11251,155082000,1
PPM1A_MOUSE,0.332323,5803800000,6
PPM1B_MOUSE,0.278371,4041530000,2
PPM1F_MOUSE,0.271219,2143350000,4
PPM1G_MOUSE,NaN,26411500,1
PPOX_MOUSE,0.124722,1906000000,5
PPP5_MOUSE,0.33616,3718460000,5
PPP6_MOUSE,0.613381,1592520000,3
PPT1_MOUSE,NaN,11570600000,4
PRDX1_MOUSE,0.296827,3052710000000,25
PRDX2_MOUSE,0.230069,170173000000,12
PRDX3_MOUSE,0.179533,158644000000,10
PRDX4_MOUSE,0.366177,60988400000,12
PRDX5_MOUSE,0.229984,714841000000,18
PRDX6_MOUSE,0.270084,1659730000000,30
PREB_MOUSE,0.214671,7853510000,5
PRELP_MOUSE,0.110381,4716800000,7
PREP_MOUSE,0.301708,10015200000,14
PRKRA_MOUSE,NaN,465591000,1
PROD_MOUSE,0.400408,141239000000,19
PROF1_MOUSE,0.378635,404041000000,10
PRP19_MOUSE,0.000716,6642340000,4
PRP8_MOUSE,0.60968,1815540000,5
PRPK_MOUSE,0.202081,98038800,1
PRPS1_MOUSE,0.290827,19457300000,8
PRRC1_MOUSE,0.352253,3166360000,3
PRS10_MOUSE,0.401449,63157500000,11
PRS4_MOUSE,0.390559,46806200000,10
PRS6A_MOUSE,0.448271,46402200000,16
PRS6B_MOUSE,0.259744,16901600000,10
PRS7_MOUSE,0.424063,31730800000,11
PRS8_MOUSE,0.195604,57492700000,15
PRUN1_MOUSE,0.057417,1432350000,2
PSA1_MOUSE,0.281797,88256100000,11
PSA2_MOUSE,0.313,106102000000,13
PSA3_MOUSE,0.303015,29958700000,5
PSA4_MOUSE,0.275834,70787000000,8
PSA5_MOUSE,0.226885,50265000000,8
PSA6_MOUSE,0.353722,94235400000,7
PSA7_MOUSE,0.315067,98536500000,14
PSA_MOUSE,0.278719,9921870000,9
PSB1_MOUSE,0.188734,72184400000,14
PSB2_MOUSE,0.190467,31678800000,7
PSB3_MOUSE,0.483709,34276500000,4
PSB4_MOUSE,0.201504,64501100000,9
PSB5_MOUSE,0.331115,54496700000,9
PSB6_MOUSE,0.190326,31338700000,5
PSB7_MOUSE,0.122439,6723210000,3
PSB8_MOUSE,0.246576,8798180000,6
PSD11_MOUSE,0.71698,35700200000,7
PSD12_MOUSE,0.305832,44116000000,15
PSD13_MOUSE,0.292138,30875800000,10
PSDE_MOUSE,0.341695,30243500000,8
PSMD1_MOUSE,0.296721,45059300000,21
PSMD2_MOUSE,0.4032,96457500000,32
PSMD3_MOUSE,0.325767,36704500000,13
PSMD4_MOUSE,0.963256,21738000000,8
PSMD5_MOUSE,0.315015,15980300000,9
PSMD6_MOUSE,0.31472,29554100000,13
PSMD7_MOUSE,0.250798,42134800000,12
PSMD8_MOUSE,0.33256,8782130000,3
PSMD9_MOUSE,0.480708,5758240000,2
PSME1_MOUSE,0.278757,54542900000,16
PSME2_MOUSE,0.299127,35476400000,13
PSME4_MOUSE,1.078005,545218000,2
PSMG1_MOUSE,0.114312,1097050000,1
PTBP1_MOUSE,0.172749,83237100000,15
PTBP3_MOUSE,0.223389,7306760000,5
PTCD3_MOUSE,0.254796,5115930000,7
PTER_MOUSE,0.195032,49873400000,9
PTGR2_MOUSE,0.130034,14985600000,5
PTGR3_MOUSE,0.180115,29646100000,9
PTH2_MOUSE,0.14031,13903800000,8
PTMS_MOUSE,0.431305,3778370000,1
PTN11_MOUSE,0.577368,563425000,1
PTN6_MOUSE,0.279335,323705000,1
PTPA_MOUSE,0.363387,3279010000,4
PTPM1_MOUSE,0.423542,2893170000,3
PUR2_MOUSE,0.582249,11303000000,14
PUR4_MOUSE,0.060394,2948930000,5
PUR6_MOUSE,0.802855,27258400000,12
PUR8_MOUSE,0.304167,5426580000,6
PUR9_MOUSE,0.131061,47624000000,17
PURA1_MOUSE,0.422573,1944850000,3
PURA2_MOUSE,0.621528,2558390000,3
PURA_MOUSE,0.079953,50305100000,5
PURB_MOUSE,0.101523,6017400000,4
PX11A_MOUSE,0.275219,8931750000,4
PXL2A_MOUSE,0.381852,8310670000,3
PXMP2_MOUSE,0.278612,17918600000,7
PXMP4_MOUSE,0.438747,4700020000,2
PYC_MOUSE,0.181413,2273980000000,75
PYGB_MOUSE,0.127656,221605000000,10
PYGL_MOUSE,0.16657,1582840000000,70
PYR1_MOUSE,0.543073,696675000,2
PYRD_MOUSE,0.062416,228378000,1
PZP_MOUSE,0.752112,241515000000,40
QCR1_MOUSE,0.140049,652610000000,27
QCR2_MOUSE,0.16756,967964000000,25
QCR6_MOUSE,0.151569,22971700000,2
QCR7_MOUSE,0.376077,185816000000,12
QCR8_MOUSE,0.250812,105081000000,2
QCR9_MOUSE,0.17586,95967200000,2
QORL2_MOUSE,0.129427,16142800000,8
QOR_MOUSE,0.219371,223177000000,15
RAB10_MOUSE,0.284512,11237800000,6
RAB14_MOUSE,0.61896,65687400000,12
RAB15_MOUSE,0.784206,58740000000,1
RAB17_MOUSE,NaN,484638000,1
RAB18_MOUSE,0.670834,12202900000,4
RAB1A_MOUSE,0.504539,38962400000,4
RAB1B_MOUSE,0.388681,28840000000,5
RAB2A_MOUSE,0.696886,28903700000,5
RAB32_MOUSE,NaN,1608220000,1
RAB35_MOUSE,0.600648,25265900000,1
RAB5A_MOUSE,1.022264,8592830000,5
RAB5B_MOUSE,0.00461,4242010000,4
RAB5C_MOUSE,0.257121,18043000000,6
RAB6A_MOUSE,0.335157,2713290000,2
RAB7A_MOUSE,5.209971,52286000000,5
RAB8A_MOUSE,0.538436,6144870000,2
RAB9A_MOUSE,0.422852,1211900000,2
RAC1_MOUSE,0.344396,66848200000,6
RACK1_MOUSE,0.133828,543275000000,23
RADI_MOUSE,0.391875,52336500000,8
RAE1L_MOUSE,0.117943,128259000,1
RAGP1_MOUSE,0.285719,798879000,3
RAI14_MOUSE,0.308869,201546000,2
RAI2_MOUSE,0.090596,9043980000,1
RALA_MOUSE,0.222557,757458000,2
RALB_MOUSE,0.057653,86446800,2
RALY_MOUSE,0.691004,2189380000,1
RANB3_MOUSE,NaN,551082000,1
RANG_MOUSE,0.275798,5858810000,4
RAN_MOUSE,0.330872,88873300000,6
RAP1A_MOUSE,0.446658,8396880000,4
RAP1B_MOUSE,0.284234,7132270000,5
RASH_MOUSE,0.116654,253459000,2
RASK_MOUSE,0.221354,1964450000,2
RB11A_MOUSE,0.537537,10988300000,2
RB11B_MOUSE,0.331645,6400210000,3
RBBP4_MOUSE,0.955605,449860000,1
RBBP9_MOUSE,0.101963,2774350000,3
RBM14_MOUSE,NaN,990245000,1
RBM25_MOUSE,0.863207,544348000,1
RBM39_MOUSE,NaN,2358520000,2
RBM8A_MOUSE,0.662249,3085000000,2
RBMX_MOUSE,0.363537,5563210000,1
RBP2_MOUSE,NaN,240082000,1
RBPMS_MOUSE,0.357004,700431000,2
RBPS2_MOUSE,0.752643,1015330000,1
RBSK_MOUSE,0.238029,1816320000,1
RCC1_MOUSE,0.091935,2274550000,2
RD23B_MOUSE,0.48918,8542850000,6
RDH10_MOUSE,0.359656,518702000,2
RDH11_MOUSE,0.401568,39021200000,10
RDH13_MOUSE,0.08879,201762000,2
RDH14_MOUSE,NaN,193188000,1
RDH16_MOUSE,0.540376,151941000000,10
RDH7_MOUSE,0.461871,447659000000,10
REEP6_MOUSE,0.526398,105323000000,4
RENT1_MOUSE,0.486121,6812740000,12
RER1_MOUSE,0.464458,3257330000,2
RET4_MOUSE,NaN,1995500000,1
RETST_MOUSE,1.058148,21232100000,6
RGN_MOUSE,0.195191,3551530000000,36
RHG01_MOUSE,NaN,404615000,1
RHOA_MOUSE,0.198729,27394700000,7
RHOG_MOUSE,NaN,76932300,1
RIDA_MOUSE,0.20364,2269720000000,15
RINI_MOUSE,0.367593,241178000000,27
RISC_MOUSE,0.095303,28565700000,4
RL10A_MOUSE,0.114342,148567000000,12
RL10_MOUSE,0.236366,161372000000,11
RL11_MOUSE,0.142605,89778900000,3
RL12_MOUSE,0.09088,211251000000,11
RL13A_MOUSE,0.103155,45979600000,3
RL13_MOUSE,0.091072,103085000000,4
RL14_MOUSE,0.098359,112254000000,4
RL15_MOUSE,0.062822,69873500000,8
RL17_MOUSE,0.114257,144225000000,15
RL18A_MOUSE,0.071699,56921100000,4
RL18_MOUSE,0.149657,171187000000,7
RL19_MOUSE,0.141945,45929300000,4
RL1D1_MOUSE,0.662001,941675000,2
RL21_MOUSE,0.094175,92133700000,4
RL22L_MOUSE,0.259266,89776000,1
RL22_MOUSE,0.077028,174524000000,5
RL23A_MOUSE,0.151025,172987000000,4
RL23_MOUSE,0.08804,263955000000,8
RL24_MOUSE,0.142728,109833000000,6
RL26_MOUSE,0.147997,36489700000,3
RL27A_MOUSE,0.051335,132791000000,6
RL27_MOUSE,0.119209,149993000000,9
RL30_MOUSE,0.116316,179503000000,6
RL31_MOUSE,0.129526,53480500000,4
RL32_MOUSE,0.089252,139106000000,9
RL35_MOUSE,0.183154,4458620000,1
RL37A_MOUSE,0.065042,29051900000,3
RL38_MOUSE,0.208886,91117900000,7
RL3_MOUSE,0.081842,230349000000,20
RL4_MOUSE,0.08054,392770000000,23
RL5_MOUSE,0.111046,271847000000,18
RL6_MOUSE,0.123865,256786000000,16
RL7A_MOUSE,0.133801,292787000000,19
RL7_MOUSE,0.11614,269813000000,16
RL8_MOUSE,0.098441,199228000000,13
RL9_MOUSE,0.093293,136382000000,12
RLA0_MOUSE,0.088621,389950000000,19
RLA1_MOUSE,0.020613,85664100000,5
RLA2_MOUSE,0.077464,170914000000,15
RM01_MOUSE,0.145326,2263130000,5
RM04_MOUSE,0.106759,2094990000,2
RM09_MOUSE,0.098195,412512000,2
RM10_MOUSE,0.114481,3543190000,4
RM11_MOUSE,0.061734,88432900,1
RM12_MOUSE,0.204619,4210670000,2
RM13_MOUSE,0.121711,811219000,2
RM14_MOUSE,0.081232,496866000,1
RM16_MOUSE,0.161804,938327000,1
RM19_MOUSE,NaN,13766700000,1
RM21_MOUSE,0.085181,776053000,3
RM22_MOUSE,0.112616,686723000,1
RM23_MOUSE,0.071126,5708010000,3
RM27_MOUSE,0.15997,4655320000,1
RM30_MOUSE,0.26567,1038840000,1
RM37_MOUSE,0.16525,3235650000,4
RM38_MOUSE,0.046981,956368000,3
RM39_MOUSE,0.16451,754373000,2
RM40_MOUSE,0.106276,2479930000,3
RM41_MOUSE,0.055646,471400000,1
RM46_MOUSE,NaN,2572100000,3
RM49_MOUSE,0.624066,3299100000,2
RM50_MOUSE,0.07982,273152000,1
RM53_MOUSE,0.176648,591048000,2
RM55_MOUSE,0.103743,1360020000,2
RMD1_MOUSE,0.26369,7864480000,1
RMD2_MOUSE,0.226494,28924700000,10
RMD3_MOUSE,0.160951,52967100000,9
RNT2A_MOUSE,0.79503,1228330000,2
ROA1_MOUSE,0.339277,22995300000,8
ROA2_MOUSE,0.274254,172017000000,16
ROA3_MOUSE,0.349857,124701000000,15
ROAA_MOUSE,0.782703,19429300000,2
ROMO1_MOUSE,0.614458,7632040000,1
RPN1_MOUSE,0.166376,386229000000,30
RPN2_MOUSE,0.156207,375944000000,27
RPTOR_MOUSE,0.732724,267917000,1
RRAGC_MOUSE,0.000203,171913000,1
RRAS2_MOUSE,0.608511,865578000,1
RRAS_MOUSE,0.349213,719944000,1
RRBP1_MOUSE,0.457457,163084000000,36
RRF2M_MOUSE,0.353082,1564050000,6
RRFM_MOUSE,0.257717,6356480000,5
RS10_MOUSE,0.119386,158600000000,8
RS11_MOUSE,0.107615,123073000000,7
RS12_MOUSE,0.063821,28008700000,5
RS13_MOUSE,0.131387,202339000000,11
RS14_MOUSE,0.098054,178131000000,12
RS15A_MOUSE,0.040246,95918700000,5
RS15_MOUSE,0.121178,67301400000,10
RS16_MOUSE,0.173439,182831000000,8
RS17_MOUSE,0.123052,105216000000,13
RS18_MOUSE,0.1363,117441000000,6
RS19_MOUSE,0.1151,110615000000,5
RS20_MOUSE,0.088357,147760000000,8
RS21_MOUSE,0.130235,44206900000,4
RS23_MOUSE,0.127385,57706300000,2
RS24_MOUSE,0.119646,73091900000,5
RS25_MOUSE,0.145548,214145000000,4
RS26_MOUSE,0.134748,36487500000,3
RS27A_MOUSE,0.082795,571806000000,10
RS27L_MOUSE,0.299583,83887700000,3
RS27_MOUSE,0.414818,2884960000,1
RS28_MOUSE,0.150389,79002900000,2
RS29_MOUSE,0.481798,45660100000,2
RS2_MOUSE,0.135067,242495000000,13
RS30_MOUSE,0.231025,11398300000,1
RS3A_MOUSE,0.099816,204811000000,16
RS3_MOUSE,0.101044,340102000000,20
RS4X_MOUSE,0.091758,260199000000,16
RS5_MOUSE,0.121761,42651500000,4
RS6_MOUSE,0.1812,165483000000,10
RS7_MOUSE,0.10832,164866000000,11
RS8_MOUSE,0.147109,314946000000,10
RS9_MOUSE,0.080488,52291500000,5
RSMB_MOUSE,0.114808,5307940000,3
RSSA_MOUSE,0.086263,455002000000,21
RSU1_MOUSE,NaN,4829750000,2
RT02_MOUSE,0.088964,3085100000,3
RT05_MOUSE,0.885887,2337230000,2
RT09_MOUSE,0.203262,4488930000,3
RT10_MOUSE,0.059481,1422310000,2
RT11_MOUSE,0.145592,1249670000,2
RT14_MOUSE,0.379922,2023930000,1
RT15_MOUSE,0.077378,350226000,1
RT18B_MOUSE,0,201086000,1
RT21_MOUSE,0.129086,2357660000,1
RT22_MOUSE,0.095507,2080490000,5
RT23_MOUSE,0.174354,3598480000,3
RT29_MOUSE,0.162605,6122720000,7
RT30_MOUSE,0.084702,1478040000,3
RT31_MOUSE,NaN,687486000,2
RT34_MOUSE,0.255912,3650710000,5
RT35_MOUSE,0.08924,3024700000,4
RT36_MOUSE,0.079137,8174410000,7
RT4I1_MOUSE,0.723753,8360540000,6
RTCA_MOUSE,0.230154,30727500,1
RTCB_MOUSE,0.195987,37182800000,15
RTN4_MOUSE,0.222582,4562890000,5
RTRAF_MOUSE,0.417541,3009560000,3
RU1C_MOUSE,0.423281,463502000,1
RU2A_MOUSE,0.226287,1365020000,2
RUSF1_MOUSE,0.249517,257898000,1
RUVB1_MOUSE,0.140147,5420220000,8
RUVB2_MOUSE,0.200516,5006450000,6
RUXE_MOUSE,0.105618,6156940000,1
RUXF_MOUSE,0.113651,2664330000,1
RUXG_MOUSE,0.19435,1169160000,1
S10A9_MOUSE,NaN,4871750000,2
S10AD_MOUSE,NaN,243584000,1
S14L2_MOUSE,0.326465,527102000000,33
S14L4_MOUSE,0.326108,150920000000,22
S22AI_MOUSE,0.576332,6343390000,2
S22AR_MOUSE,0.571383,2246960000,1
S2542_MOUSE,0.152986,13090900000,8
S2545_MOUSE,0.067042,3212980000,4
S2546_MOUSE,0.202831,293918000,1
S2551_MOUSE,NaN,431078000,2
S26A1_MOUSE,0.088312,4370060000,4
S27A2_MOUSE,0.551813,566637000000,42
S27A5_MOUSE,0.656438,403209000000,32
S29A1_MOUSE,0.632414,2490040000,4
S35A3_MOUSE,0.072485,5854260000,2
S35D1_MOUSE,0.184077,4680450000,3
S38A3_MOUSE,2.685768,13394000000,4
S39A7_MOUSE,0.28239,2271990000,3
S4A4_MOUSE,1.859722,1266260000,1
S61A1_MOUSE,0.393434,14280800000,6
SAC1_MOUSE,0.348169,19831300000,9
SAHH2_MOUSE,0.919375,6098770000,5
SAHH_MOUSE,0.305104,4497480000000,45
SAM50_MOUSE,0.092905,29569700000,11
SAMH1_MOUSE,0.09282,7199600000,8
SAP3_MOUSE,1.479546,298928000,1
SAP_MOUSE,4.599603,3296090000,2
SAR1A_MOUSE,0.537507,25861200000,4
SAR1B_MOUSE,0.53467,99412100000,14
SARDH_MOUSE,0.121751,2296780000000,76
SARNP_MOUSE,0.355779,628922000,1
SBDS_MOUSE,1.343866,2042860000,2
SBP1_MOUSE,0.271798,4297380000000,60
SBP2_MOUSE,0.238504,645487000000,16
SC11A_MOUSE,0.234326,4401980000,2
SC16A_MOUSE,0.793022,3135910000,8
SC22B_MOUSE,0.294941,32944700000,5
SC23A_MOUSE,0.186201,137193000000,25
SC23B_MOUSE,0.35844,5632410000,7
SC24A_MOUSE,0.486908,31661100000,16
SC31A_MOUSE,0.335218,68331400000,27
SC61B_MOUSE,NaN,11470100000,1
SCAM3_MOUSE,0.66649,5715930000,2
SCFD1_MOUSE,0.544533,13385700000,11
SCLY_MOUSE,0.504846,19356100000,11
SCO1_MOUSE,NaN,491900000,2
SCOT1_MOUSE,0,1255740000,2
SCP2_MOUSE,1.140625,3932420000000,47
SCRB1_MOUSE,NaN,65862700,1
SCRB2_MOUSE,0.438519,3105640000,3
SCRN2_MOUSE,0.18501,40331200000,17
SCRN3_MOUSE,0.306653,8358190000,4
SDF2L_MOUSE,0.328373,23890200000,11
SDF2_MOUSE,NaN,428747000,1
SDHA_MOUSE,0.202824,807319000000,46
SDHB_MOUSE,0.194606,262499000000,16
SDHL_MOUSE,0.501849,229712000000,20
SDSL_MOUSE,0.183279,1976310000,5
SE1L1_MOUSE,0.297065,1305080000,4
SEC13_MOUSE,0.164669,33159400000,10
SEC20_MOUSE,0.051278,84701700,1
SEC63_MOUSE,0.29807,11964000000,12
SELB_MOUSE,0.254207,8802630000,9
SELO_MOUSE,0.417856,1785760000,5
SEP10_MOUSE,0.174168,1537710000,3
SEP11_MOUSE,0.080406,680373000,2
SEPT2_MOUSE,0.204625,25704600000,12
SEPT7_MOUSE,0.309033,12495800000,7
SEPT9_MOUSE,0.14627,5765580000,5
SERPH_MOUSE,0.285197,1895530000,2
SET_MOUSE,0.722614,15921300000,3
SF01_MOUSE,0.298996,1283150000,1
SF3A1_MOUSE,0.349039,165715000,1
SF3A3_MOUSE,0.233852,1062040000,1
SF3B1_MOUSE,1.024195,1885750000,5
SF3B3_MOUSE,0.209595,5463450000,7
SF3B4_MOUSE,NaN,215121000,1
SFPQ_MOUSE,0.364575,36235800000,10
SFXN1_MOUSE,0.142095,125025000000,14
SFXN2_MOUSE,0.180111,17130900000,8
SFXN5_MOUSE,NaN,932093000,1
SGMR1_MOUSE,0.108947,6085890000,1
SGPL1_MOUSE,0.335602,15398600000,7
SGT1_MOUSE,0.977925,138785000,1
SH3L1_MOUSE,1.060147,9627300000,4
SHPK_MOUSE,0.29074,27696100000,12
SIAE_MOUSE,0.392232,225771000,1
SIAS_MOUSE,0.111889,7368780000,7
SIR2_MOUSE,0.305552,339599000,2
SIR5_MOUSE,0.172311,2549720000,6
SLIRP_MOUSE,0.246273,1014880000,1
SMC1A_MOUSE,0.254011,442158000,1
SMD1_MOUSE,0.091697,12636600000,4
SMD2_MOUSE,0.101557,3926980000,3
SMD3_MOUSE,0.230035,23752800000,4
SMDC1_MOUSE,0.704125,429648000,1
SNAA_MOUSE,0.717866,17722900000,10
SNAG_MOUSE,0.429029,308654000,1
SND1_MOUSE,0.2678,408181000000,44
SNF8_MOUSE,0.221287,1080570000,1
SNP23_MOUSE,1.074806,442507000,2
SNR40_MOUSE,0.150963,276332000,1
SNRPA_MOUSE,0.347775,5088700000,3
SNTB1_MOUSE,0.487295,29813700000,4
SNX1_MOUSE,0.061008,1314270000,1
SNX27_MOUSE,0.190429,78552700,1
SNX2_MOUSE,0.162598,17967300000,11
SNX3_MOUSE,0.479154,5013680000,3
SNX5_MOUSE,0.15894,14207400000,7
SNX6_MOUSE,0.190414,1284110000,2
SNX9_MOUSE,0.611615,2084850000,3
SO1A1_MOUSE,0.446634,49785700000,10
SO1A4_MOUSE,0.625273,7934400000,2
SO1B2_MOUSE,1.059249,65150500000,12
SOAT2_MOUSE,0.035768,6675170000,6
SODC_MOUSE,0.202486,2553910000000,18
SODE_MOUSE,NaN,424958000,1
SODM_MOUSE,0.154728,298545000000,14
SORCN_MOUSE,0.286136,2368580000,2
SOX_MOUSE,0.46022,172050000000,19
SPA3K_MOUSE,1.384302,174926000000,14
SPA3M_MOUSE,0.998748,1790180000,2
spALBU_BOVIN,NaN,118133000,1
SPB6_MOUSE,0.105277,9003860000,7
SPCS2_MOUSE,0.329201,1507860000,1
SPCS3_MOUSE,NaN,13926400000,1
SPCS_MOUSE,0.82052,1945190000,3
SPEB_MOUSE,0.101904,186224000000,14
SPEE_MOUSE,0.305126,5199670000,7
SPG7_MOUSE,0.237398,439516000,1
spK1C10_HUMAN,7.4E-05,599908000000,39
spK1C9_HUMAN,7.7E-05,465414000000,44
spK22E_HUMAN,0.000342,206491000000,33
spK2C1_HUMAN,0.000155,645920000000,40
spNQO2_HUMAN,0.067222,227785000,1
SPRE_MOUSE,0.219168,238472000000,14
SPRY4_MOUSE,0.368318,2624040000,2
SPS1_MOUSE,0.166374,5077220000,3
SPS2_MOUSE,0.24873,161425000000,10
spSYH_HUMAN,0.373618,1505530000,2
SPTB1_MOUSE,0.001672,998354000,4
SPTB2_MOUSE,0.317627,47847700000,40
SPTN1_MOUSE,0.223381,154540000000,78
spTRYP_PIG,0.000104,4996530000000,15
SPYA_MOUSE,0.240327,199182000000,13
SQOR_MOUSE,0.534233,65266200000,20
SRA1_MOUSE,0.637986,519424000,1
SRBS1_MOUSE,0.225357,2286460000,4
SRBS2_MOUSE,0.427948,8302380000,4
SRC8_MOUSE,0.205827,1716420000,3
SRP14_MOUSE,NaN,2431260000,2
SRP19_MOUSE,0.054206,3522150000,3
SRP54_MOUSE,0.624724,4776380000,7
SRP68_MOUSE,0.225406,5971840000,7
SRPRA_MOUSE,0.604934,9513950000,6
SRPRB_MOUSE,0.267759,14415700000,5
SRRT_MOUSE,1.103205,4088200000,2
SRR_MOUSE,0.213957,5848910000,5
SRSF1_MOUSE,0.38695,5211310000,3
SRSF2_MOUSE,0.536482,7332180000,2
SSBP_MOUSE,0.154159,5224220000,3
SSDH_MOUSE,0.108069,96356100000,16
SSRA_MOUSE,0.178118,7223800000,1
SSRD_MOUSE,0.213215,113115000000,4
SSRG_MOUSE,0.134042,11765300000,1
ST1A1_MOUSE,0.528928,203182000000,16
ST1B1_MOUSE,0.16003,2493200000,2
ST1D1_MOUSE,0.239094,36983300000,11
ST2A1_MOUSE,0.315273,53125700000,2
STA10_MOUSE,0.222196,185226000000,14
STAB2_MOUSE,NaN,313648000,1
STAR4_MOUSE,0.958133,286213000,1
STAT3_MOUSE,0.709251,9396150000,9
STBD1_MOUSE,0.256041,10581100000,4
STEA4_MOUSE,0.75792,5322410000,5
STIM1_MOUSE,0.373162,831085000,2
STIP1_MOUSE,0.366214,48620900000,20
STML2_MOUSE,0.170428,12303500000,10
STOM_MOUSE,0.186451,4800080000,4
STRAP_MOUSE,0.611109,12747700000,9
STS_MOUSE,0.420539,5735870000,5
STT3A_MOUSE,0.123229,46529700000,9
STT3B_MOUSE,0.375065,14488200000,8
STX12_MOUSE,0.271198,613377000,2
STX4_MOUSE,0.203419,1394200000,2
STX7_MOUSE,NaN,459127000,1
STXB2_MOUSE,0.394111,212339000,1
STXB3_MOUSE,0.509008,374075000,1
SUCA_MOUSE,0.114765,474485000000,15
SUCB1_MOUSE,0.172513,237033000000,14
SUCB2_MOUSE,0.168671,392446000000,23
SUCHY_MOUSE,0.015918,14567800000,10
SUMO2_MOUSE,1.247764,3923180000,1
SUOX_MOUSE,0.169273,238609000000,25
SURF4_MOUSE,0.491466,33962600000,5
SYAC_MOUSE,0.629349,79768700000,21
SYCC_MOUSE,0.498285,4735810000,3
SYDC_MOUSE,0.269299,76619200000,18
SYEP_MOUSE,0.288898,119503000000,43
SYFA_MOUSE,0.149747,32315400000,13
SYFB_MOUSE,0.138429,37951900000,12
SYHM_MOUSE,NaN,44715500,1
SYIC_MOUSE,0.204735,24525900000,14
SYIM_MOUSE,0.085702,38101600000,17
SYJ2B_MOUSE,0.322602,1665640000,2
SYK_MOUSE,0.252347,26358400000,8
SYLC_MOUSE,0.227695,24904900000,16
SYMC_MOUSE,0.39325,11855400000,12
SYNC_MOUSE,0.384456,61294100000,20
SYNM_MOUSE,NaN,10860100,1
SYQ_MOUSE,0.22991,22124600000,15
SYRC_MOUSE,0.177757,45139500000,17
SYSC_MOUSE,0.365158,16875600000,10
SYSM_MOUSE,0.104147,1282320000,4
SYTC_MOUSE,0.446223,95730300000,23
SYUA_MOUSE,0.319002,40762100,1
SYVC_MOUSE,0.103811,72637800000,25
SYWC_MOUSE,0.185995,4442880000,5
SYYC_MOUSE,0.160214,4820450000,7
SYYM_MOUSE,0.269453,1344300000,3
T23O_MOUSE,8.476446,16360200000,5
T254A_MOUSE,4.428712,998845000,1
T3HPD_MOUSE,0.489031,6145170000,5
TACO1_MOUSE,2.954901,9150740000,3
TADBP_MOUSE,0.274443,21817700000,5
TAGL2_MOUSE,0.250955,10581300000,3
TALDO_MOUSE,0.396584,97011000000,6
TAP1_MOUSE,0.431938,498732000,2
TB182_MOUSE,0.309873,212860000,2
TBA1A_MOUSE,0.23348,642716000000,27
TBA1B_MOUSE,0.176852,520104000000,27
TBA1C_MOUSE,0.193374,11281000000,1
TBA4A_MOUSE,0.414117,80783400000,5
TBAL3_MOUSE,0.185845,661350000,1
TBB2A_MOUSE,0.188283,1186280000000,39
TBB3_MOUSE,0.200172,223965000000,6
TBB4A_MOUSE,0.124948,236377000000,12
TBB4B_MOUSE,0.260739,63123900000,1
TBB5_MOUSE,0.308879,45170300000,7
TBB6_MOUSE,0.237864,15068200000,2
TBCEL_MOUSE,0.700801,3459430000,4
TBL2_MOUSE,0.168496,10738300000,9
TCEA1_MOUSE,0.959368,85594200,2
TCPA_MOUSE,0.436034,68062900000,20
TCPB_MOUSE,0.251371,177157000000,29
TCPD_MOUSE,0.331167,119493000000,18
TCPE_MOUSE,0.409918,73303000000,16
TCPG_MOUSE,0.412766,129181000000,23
TCPH_MOUSE,0.290118,60434100000,12
TCPQ_MOUSE,0.495266,170842000000,24
TCPW_MOUSE,0.237183,6634650000,4
TCPZ_MOUSE,0.477648,50788700000,12
TCTP_MOUSE,0.869683,113547000000,6
TEBP_MOUSE,0.396839,40072400000,4
TECR_MOUSE,0.264412,35034900000,8
TEFM_MOUSE,0.203624,47696000,1
TERA_MOUSE,0.460717,685853000000,46
TFR2_MOUSE,NaN,218195000,1
TGM1_MOUSE,0.071603,4376680000,7
TGM2_MOUSE,0.275854,119333000000,21
TGO1_MOUSE,0.359923,2799300000,8
THEM4_MOUSE,0.051073,1829290000,3
THIC_MOUSE,0.230065,629487000000,25
THIKA_MOUSE,0.602454,1882390000000,36
THIKB_MOUSE,0.655536,724770000000,21
THIL_MOUSE,0.176624,1339650000000,39
THIM_MOUSE,0.135122,6798770000000,59
THIO_MOUSE,0.256161,157580000000,5
THNS2_MOUSE,0.209155,51407100000,16
THOC4_MOUSE,0.110376,968585000,2
THOP1_MOUSE,NaN,517266000,2
THRB_MOUSE,1.931187,1607860000,2
THRSP_MOUSE,0.602327,5261150000,4
THTM_MOUSE,0.389348,71938300000,11
THTR_MOUSE,0.158067,830010000000,16
TI17B_MOUSE,0.31795,892032000,2
TI8AB_MOUSE,NaN,2019630000,1
TIF1B_MOUSE,0.444167,4464360000,3
TIM13_MOUSE,0.314777,17885700000,3
TIM16_MOUSE,0.16507,2077720000,1
TIM23_MOUSE,0.628688,2368240000,2
TIM44_MOUSE,0.234917,18831100000,11
TIM50_MOUSE,0.287202,24984700000,4
TIM9_MOUSE,0.153044,2390400000,2
TINAL_MOUSE,0.127432,5222300000,5
TKFC_MOUSE,0.297072,1741680000000,53
TKT_MOUSE,0.106174,973529000000,44
TLN1_MOUSE,0.310235,96797900000,47
TLN2_MOUSE,0.00499,1130280000,6
TM135_MOUSE,0.245329,455964000,1
TM14C_MOUSE,NaN,1126290000,2
TM177_MOUSE,0.202762,439658000,1
TM205_MOUSE,0.409884,60483700000,2
TM214_MOUSE,1.226592,7395560000,6
TM256_MOUSE,0.087133,48214000000,7
TM38B_MOUSE,0.718392,773087000,2
TM6S2_MOUSE,0.415728,2570210000,2
TM9S2_MOUSE,NaN,139263000,1
TM9S3_MOUSE,0.165945,1492250000,3
TM9S4_MOUSE,0.275512,2824630000,2
TMCO1_MOUSE,0.29462,12506100000,2
TMED1_MOUSE,0.288177,519950000,1
TMED2_MOUSE,0.186627,7998750000,2
TMED4_MOUSE,0.36408,948821000,1
TMED5_MOUSE,0.666597,5610680000,2
TMED9_MOUSE,0.389711,8035260000,2
TMEDA_MOUSE,0.346326,73528300000,7
TMM11_MOUSE,0.147998,3885980000,2
TMM19_MOUSE,0.594718,10110600000,1
TMM33_MOUSE,0.709747,16496600000,4
TMX1_MOUSE,0.387453,1571130000,1
TMX2_MOUSE,1.03262,1811330000,2
TNPO1_MOUSE,0.432574,1337880000,2
TNPO3_MOUSE,0.964852,220662000,1
TOIP1_MOUSE,0.273461,973240000,2
TOIP2_MOUSE,0.348771,697269000,2
TOLIP_MOUSE,1.631028,434716000,1
TOM22_MOUSE,0.296657,1284580000,1
TOM40_MOUSE,0.147118,10707900000,8
TOM70_MOUSE,0.283879,17816400000,9
TOP1_MOUSE,0.633495,2094770000,4
TPD52_MOUSE,0.077823,222725000,1
TPD54_MOUSE,0.87388,10067600000,4
TPIS_MOUSE,0.236957,999646000000,20
TPK1_MOUSE,0.186672,9509970000,3
TPM1_MOUSE,0.175429,3550570000,5
TPM3_MOUSE,0.220124,8944710000,7
TPM4_MOUSE,0.170807,4823790000,4
TPMT_MOUSE,0.243001,23481800000,8
TPP1_MOUSE,0.081162,109377000000,4
TPP2_MOUSE,0.117383,41862900000,26
TPPP_MOUSE,0.344626,311640000,1
TPR_MOUSE,0.971874,879422000,4
TPSN_MOUSE,0.742778,1638520000,3
TR150_MOUSE,0.614761,487903000,2
TRABD_MOUSE,0.742917,1703580000,1
TRAM1_MOUSE,0.218191,253096000,1
TRAP1_MOUSE,0.605403,337845000000,24
TRFE_MOUSE,1.171966,749580000000,47
TRI25_MOUSE,NaN,97170600,1
TRXR1_MOUSE,0.351526,57422300000,13
TRXR2_MOUSE,0.079015,31540600000,9
TSN9_MOUSE,0.69073,1020190000,1
TSR2_MOUSE,NaN,107737000,1
TT39C_MOUSE,0.457259,32619500000,11
TTC36_MOUSE,0.995749,431267000,1
TTC38_MOUSE,0.228981,54925100000,12
TTHY_MOUSE,7.517765,144478000000,7
TTL12_MOUSE,0.479071,242779000,2
TTPA_MOUSE,0.478965,76981200000,14
TWF1_MOUSE,0.508399,10073900000,2
TXD12_MOUSE,0.534356,6209710000,3
TXD17_MOUSE,0.232174,2391550000,1
TXND5_MOUSE,0.416963,83173600000,17
TXNL1_MOUSE,0.517239,37649100000,11
TXTP_MOUSE,0.157048,132159000000,9
TYSD1_MOUSE,2.032954,95483900,1
U2AF2_MOUSE,0.282804,7363140000,6
U520_MOUSE,0.906813,1363300000,5
U5S1_MOUSE,0.09931,3167720000,5
UAP1L_MOUSE,0.246311,40248500,1
UAP1_MOUSE,1.133614,822835000,2
UB2D2_MOUSE,0.330679,432866000,2
UB2L3_MOUSE,0.386227,53359900000,6
UB2V1_MOUSE,0.377035,9306910000,3
UB2V2_MOUSE,0.369381,4080460000,3
UBA1_MOUSE,0.363102,212294000000,36
UBA5_MOUSE,0.251787,2605070000,3
UBCP1_MOUSE,0.880958,625992000,2
UBE2K_MOUSE,0.70172,7110150000,3
UBE2N_MOUSE,0.3744,49135800000,5
UBE4A_MOUSE,0.449504,2615280000,3
UBP10_MOUSE,0.715618,829572000,1
UBP14_MOUSE,0.293635,19719800000,13
UBP15_MOUSE,NaN,180470000,1
UBP5_MOUSE,0.305064,32256700000,12
UBQL1_MOUSE,0.187722,83260900000,3
UBR4_MOUSE,1.076316,654443000,3
UBXN1_MOUSE,3.231713,620020000,1
UBXN4_MOUSE,1.00535,3390730000,2
UCHL3_MOUSE,0.13913,6506830000,6
UCHL5_MOUSE,0.272817,1109250000,2
UCRI_MOUSE,0.141553,105271000000,9
UD11_MOUSE,0.30728,1458620000000,33
UD16_MOUSE,0.256303,256751000000,20
UD19_MOUSE,0.292382,30504100000,6
UD2A1_MOUSE,0.3969,2314590000,2
UD2A3_MOUSE,0.247508,267722000000,26
UD3A1_MOUSE,0.503579,15402900000,5
UD3A2_MOUSE,0.447717,74016800000,13
UDB17_MOUSE,0.437894,1116440000000,29
UFC1_MOUSE,0.322982,871932000,1
UFD1_MOUSE,0.696267,8760260000,3
UFL1_MOUSE,0.25977,5529580000,6
UFM1_MOUSE,0.338465,13954500000,4
UFSP2_MOUSE,0.230712,2451300000,2
UGDH_MOUSE,0.436289,563222000000,36
UGGG1_MOUSE,0.27208,46057800000,22
UGPA_MOUSE,0.417056,388290000000,29
ULA1_MOUSE,0.258914,75564000,1
UMPS_MOUSE,0.415257,3030160000,4
URAD_MOUSE,0.512549,1735270000,2
URIC_MOUSE,0.522924,3421210000000,41
USO1_MOUSE,0.35802,23417300000,15
USP9X_MOUSE,0.890633,1979140000,5
VA0D1_MOUSE,0.400766,8182180000,4
VAC14_MOUSE,0.360314,913516000,4
VAMP3_MOUSE,NaN,474952000,1
VAMP8_MOUSE,NaN,1081680000,1
VAPA_MOUSE,0.295357,52064200000,13
VAPB_MOUSE,0.33525,15918400000,4
VASP_MOUSE,0.354933,347895000,1
VAT1_MOUSE,0.072567,7045250000,4
VATA_MOUSE,0.274781,22405100000,11
VATB2_MOUSE,0.255319,16541300000,14
VATC1_MOUSE,NaN,348466000,1
VATH_MOUSE,0.013448,368545000,1
VATL_MOUSE,0.149737,11851900000,2
VAV2_MOUSE,NaN,27918900,1
VDAC1_MOUSE,0.17151,352870000000,18
VDAC2_MOUSE,0.162844,104245000000,10
VDAC3_MOUSE,0.203807,158259000000,10
VIGLN_MOUSE,0.807977,169498000000,25
VIME_MOUSE,0.078356,109639000000,22
VINC_MOUSE,0.19155,105838000000,31
VINEX_MOUSE,0.13885,1441800000,2
VKGC_MOUSE,1.777774,10876600000,4
VKOR1_MOUSE,0.194267,21327900000,1
VKORL_MOUSE,0.310975,1176990000,1
VMA5A_MOUSE,0.364155,5854390000,8
VNN1_MOUSE,5.161901,3805810000,2
VP13C_MOUSE,0.572297,646199000,3
VP26A_MOUSE,0.18482,8128110000,6
VP26B_MOUSE,0.367983,4928700000,4
VP33A_MOUSE,0.330668,30198700,1
VP35L_MOUSE,0,682393000,1
VPS29_MOUSE,0.211229,7748130000,4
VPS35_MOUSE,0.252465,39562400000,15
VPS36_MOUSE,0.174226,208504000,2
VTDB_MOUSE,3.858395,58237000000,17
VTNC_MOUSE,4.842494,6603600000,4
VWA8_MOUSE,0.224262,75995200000,36
WASC5_MOUSE,0.218113,160062000,1
WDR1_MOUSE,0.136416,64380800000,16
WDR5_MOUSE,0.537297,221052000,1
WDR61_MOUSE,1.295899,199199000,1
XDH_MOUSE,0.305145,57828900000,17
XPO1_MOUSE,0.322633,4678750000,7
XPO2_MOUSE,0.471463,7811660000,11
XPO7_MOUSE,0.444434,469204000,2
XPP1_MOUSE,0.281585,523590000,1
XPP3_MOUSE,0.001192,3169610000,2
XXLT1_MOUSE,NaN,6557850000,1
XYLB_MOUSE,0.22353,117761000000,14
YBOX1_MOUSE,0.519693,39705900000,7
YKT6_MOUSE,0.075373,198781000,2
YMEL1_MOUSE,NaN,94318200,1
ZA2G_MOUSE,1.720369,562891000,1
ZN207_MOUSE,0.253186,1475540000,1
ZN326_MOUSE,0.299381,564180000,1
ZNFX1_MOUSE,0.61107,52047600,1
ZNT7_MOUSE,0.393949,358376000,1
ZO1_MOUSE,0.52284,8688170000,5

